frame.time_relative,ip.src,ip.dst,ip.proto,tcp.port,udp.port,tcp.flags,frame.len,ip.flags,ip.frag_offset,tcp.urgent_pointer,tcp.options,dns.qry.name,http.host,http.request.method,tcp.analysis.retransmission,ip.ttl,tcp.analysis.ack_rtt,tcp.analysis.lost_segment,tcp.analysis.bytes_in_flight
0,10.100.18.215,23.11.215.81,17,,"5,10,65,443",,1292,0x02,0,,,,,,,128,,,
2.602113,10.100.18.215,14.98.16.9,6,"5,75,99,443",,0x0002,66,0x02,0,0,020405b40103030801010402,,,,,128,,,
2.649856,14.98.16.9,10.100.18.215,6,"4,43,57,599",,0x0012,66,0x02,0,0,020405b40101040201030307,,,,,63,0.047743,,
2.649992,10.100.18.215,14.98.16.9,6,"5,75,99,443",,0x0010,54,0x02,0,0,,,,,,128,0.000136,,
2.650746,10.100.18.215,14.98.16.9,6,"5,75,99,443",,0x0010,1514,0x02,0,0,,,,,,128,,,1460
2.650746,10.100.18.215,14.98.16.9,6,"5,75,99,443",,0x0018,690,0x02,0,0,,,,,,128,,,2096
2.654517,14.98.16.9,10.100.18.215,6,"4,43,57,599",,0x0010,60,0x02,0,0,,,,,,63,0.003771,,
2.654517,14.98.16.9,10.100.18.215,6,"4,43,57,599",,0x0010,60,0x02,0,0,,,,,,63,0.003771,,
2.679837,14.98.16.9,10.100.18.215,6,"4,43,57,599",,0x0018,324,0x02,0,0,,,,,,63,,,270
2.68055,10.100.18.215,14.98.16.9,6,"5,75,99,443",,0x0018,134,0x02,0,0,,,,,,128,0.000713,,80
2.680942,10.100.18.215,14.98.16.9,6,"5,75,99,443",,0x0018,520,0x02,0,0,,,,,,128,,,546
2.684947,14.98.16.9,10.100.18.215,6,"4,43,57,599",,0x0010,60,0x02,0,0,,,,,,63,0.004005,,
2.695181,14.98.16.9,10.100.18.215,6,"4,43,57,599",,0x0018,341,0x02,0,0,,,,,,63,,,287
2.743037,10.100.18.215,14.98.16.9,6,"5,75,99,443",,0x0010,54,0x02,0,0,,,,,,128,0.047856,,
3.055256,14.98.16.9,10.100.18.215,6,"4,43,57,599",,0x0018,442,0x02,0,0,,,,,,63,,,388
3.056343,10.100.18.215,10.20.0.100,17,,"52369,53",,79,0x00,0,,,bzib.nelreports.net,,,,128,,,
3.056605,10.100.18.215,10.20.0.100,17,,"53821,53",,79,0x00,0,,,bzib.nelreports.net,,,,128,,,
3.05682,10.100.18.215,14.98.16.9,6,"5,75,99,443",,0x0018,1380,0x02,0,0,,,,,,128,0.001564,,1326
3.058069,10.20.0.100,10.100.18.215,17,,"53,53,821",,218,0x02,0,,,bzib.nelreports.net,,,,127,,,
3.060668,10.20.0.100,10.100.18.215,17,,"53,52,369",,186,0x02,0,,,bzib.nelreports.net,,,,127,,,
3.157382,14.98.16.9,10.100.18.215,6,"4,43,57,599",,0x0010,60,0x02,0,0,,,,,,63,0.100562,,
3.364467,14.98.16.9,10.100.18.215,6,"4,43,57,599",,0x0018,625,0x02,0,0,,,,,,63,,,571
3.40882,10.100.18.215,14.98.16.9,6,"5,75,99,443",,0x0010,54,0x02,0,0,,,,,,128,0.044353,,
6.846382,0.0.0.0,255.255.255.255,17,,"68,67",,356,0x00,0,,,,,,,128,,,
6.846836,10.100.0.10,255.255.255.255,17,,"67,68",,342,0x02,0,,,,,,,64,,,
7.664894,0.0.0.0,255.255.255.255,17,,"68,67",,342,0x00,0,,,,,,,255,,,
7.86767,,,,,,,56,,,,,,,,,,,,
8.27781,10.100.13.34,10.100.255.255,17,,"1,75,00,17,500",,176,0x00,0,,,,,,,128,,,
9.099622,,,,,,,56,,,,,,,,,,,,
10.12588,,,,,,,56,,,,,,,,,,,,
12.168765,,,,,,,56,,,,,,,,,,,,
12.785023,0.0.0.0,255.255.255.255,17,,"68,67",,348,0x00,0,,,,,,,128,,,
13.194737,10.100.19.230,10.100.255.255,17,,"1,37,137",,92,0x00,0,,,,,,,128,,,
13.812537,10.100.18.60,10.100.255.255,17,,"1,38,138",,216,0x00,0,,,,,,,64,,,
14.423769,10.100.9.169,10.100.255.255,17,,"1,37,137",,92,0x00,0,,,,,,,128,,,
14.463497,10.100.18.215,20.198.119.143,6,"5,56,96,443",,0x0018,98,0x02,0,0,,,,,,128,,,44
14.629424,20.198.119.143,10.100.18.215,6,"4,43,55,696",,0x0018,229,0x02,0,0,,,,,,63,0.165927,,175
14.669739,10.100.18.215,20.198.119.143,6,"5,56,96,443",,0x0010,54,0x02,0,0,,,,,,128,0.040315,,
15.03748,10.100.9.169,10.100.255.255,17,,"1,37,137",,92,0x00,0,,,,,,,128,,,
15.396702,10.100.18.215,13.89.179.8,6,"5,75,93,443",,0x0010,55,0x02,0,0,,,,,,128,,,1
15.446361,13.89.179.8,10.100.18.215,6,"4,43,57,593",,0x0010,66,0x02,0,0,0101050aab67f92cab67f92d,,,,,63,0.049659,,
16.01328,10.100.18.215,13.89.179.8,6,"5,75,92,443",,0x0010,55,0x02,0,0,,,,,,128,,,1
16.061167,13.89.179.8,10.100.18.215,6,"4,43,57,592",,0x0010,66,0x02,0,0,0101050aef6ad0aaef6ad0ab,,,,,63,0.047887,,
16.162476,,,,,,,56,,,,,,,,,,,,
16.57223,10.100.19.59,10.100.255.255,17,,"1,38,138",,243,0x00,0,,,,,,,128,,,
16.572961,10.100.9.169,10.100.255.255,17,,"1,38,138",,243,0x00,0,,,,,,,128,,,
17.694078,10.100.18.215,10.20.0.100,17,,"51597,53",,96,0x00,0,,,functional.events.data.microsoft.com,,,,128,,,
17.694433,10.100.18.215,10.20.0.100,17,,"65248,53",,96,0x00,0,,,functional.events.data.microsoft.com,,,,128,,,
17.694741,10.100.18.215,13.89.179.8,6,"5,75,93,443",,0x0018,139,0x02,0,0,,,,,,128,,,84
17.694823,10.100.18.215,13.89.179.8,6,"5,75,93,443",,0x0018,93,0x02,0,0,,,,,,128,,,123
17.694885,10.100.18.215,13.89.179.8,6,"5,75,93,443",,0x0018,918,0x02,0,0,,,,,,128,,,987
17.698654,13.89.179.8,10.100.18.215,6,"4,43,57,593",,0x0010,60,0x02,0,0,,,,,,63,0.003913,,
17.698654,13.89.179.8,10.100.18.215,6,"4,43,57,593",,0x0010,60,0x02,0,0,,,,,,63,0.003831,,
17.699022,13.89.179.8,10.100.18.215,6,"4,43,57,593",,0x0010,60,0x02,0,0,,,,,,63,0.004137,,
17.699022,10.20.0.100,10.100.18.215,17,,"53,65,248",,271,0x02,0,,,functional.events.data.microsoft.com,,,,127,,,
17.725246,10.20.0.100,10.100.18.215,17,,"53,51,597",,226,0x02,0,,,functional.events.data.microsoft.com,,,,127,,,
18.006078,13.89.179.8,10.100.18.215,6,"4,43,57,593",,0x0018,93,0x02,0,0,,,,,,63,,,39
18.056488,10.100.18.215,13.89.179.8,6,"5,75,93,443",,0x0010,54,0x02,0,0,,,,,,128,0.05041,,
18.210653,,,,,,,56,,,,,,,,,,,,
18.211337,13.89.179.8,10.100.18.215,6,"4,43,57,593",,0x0018,154,0x02,0,0,,,,,,63,,,100
18.212478,10.100.18.215,13.89.179.8,6,"5,75,93,443",,0x0018,89,0x02,0,0,,,,,,128,0.001141,,35
18.214087,13.89.179.8,10.100.18.215,6,"4,43,57,593",,0x0010,60,0x02,0,0,,,,,,63,0.001609,,
19.849556,10.100.17.2,10.100.255.255,17,,"1,38,138",,243,0x00,0,,,,,,,128,,,
20.053689,10.100.19.217,10.100.255.255,17,,"5,76,21,57,621",,82,0x02,0,,,,,,,64,,,
20.258731,10.100.19.217,10.100.255.255,17,,"5,76,21,57,621",,82,0x02,0,,,,,,,64,,,
20.463761,0.0.0.0,255.255.255.255,17,,"68,67",,346,0x00,0,,,,,,,128,,,
22.204241,10.100.18.149,10.100.255.255,17,,"5,76,21,57,621",,86,0x00,0,,,,,,,128,,,
22.614512,0.0.0.0,255.255.255.255,17,,"68,67",,342,0x00,0,,,,,,,255,,,
22.61472,,,,,,,56,,,,,,,,,,,,
22.819442,10.100.25.159,255.255.255.255,17,,"1,75,00,17,500",,175,0x00,0,,,,,,,128,,,
22.819786,10.100.25.159,255.255.255.255,17,,"1,75,00,17,500",,175,0x00,0,,,,,,,128,,,
22.820149,10.100.25.159,255.255.255.255,17,,"1,75,00,17,500",,175,0x00,0,,,,,,,128,,,
22.820472,10.100.25.159,255.255.255.255,17,,"1,75,00,17,500",,175,0x00,0,,,,,,,128,,,
22.820809,10.100.25.159,10.100.255.255,17,,"1,75,00,17,500",,175,0x00,0,,,,,,,128,,,
22.821187,10.100.25.159,255.255.255.255,17,,"1,75,00,17,500",,175,0x00,0,,,,,,,128,,,
22.821526,10.100.25.159,255.255.255.255,17,,"1,75,00,17,500",,175,0x00,0,,,,,,,128,,,
23.023399,10.100.18.225,10.100.255.255,17,,"5,76,21,57,621",,82,0x02,0,,,,,,,64,,,
23.228309,10.100.19.217,10.100.255.255,17,,"5,76,21,57,621",,82,0x02,0,,,,,,,64,,,
23.432992,,,,,,,56,,,,,,,,,,,,
23.843011,,,,,,,56,,,,,,,,,,,,
25.481107,10.100.19.119,10.100.255.255,17,,"5,76,21,57,621",,82,0x02,0,,,,,,,64,,,
25.481196,,,,,,,56,,,,,,,,,,,,
26.505894,0.0.0.0,255.255.255.255,17,,"68,67",,360,0x02,0,,,,,,,64,,,
26.506457,0.0.0.0,255.255.255.255,17,,"68,67",,370,0x02,0,,,,,,,64,,,
27.529702,10.100.19.153,10.100.255.255,17,,"5,76,21,57,621",,86,0x00,0,,,,,,,128,,,
27.766482,10.100.18.215,13.89.179.8,6,"5,75,93,443",,0x0018,139,0x02,0,0,,,,,,128,,,85
27.76664,10.100.18.215,13.89.179.8,6,"5,75,93,443",,0x0018,1012,0x02,0,0,,,,,,128,,,1043
28.013981,10.100.18.215,13.89.179.8,6,"5,75,93,443",,0x0018,1097,0x02,0,0,,,,,1,128,,,1043
28.041913,0.0.0.0,255.255.255.255,17,,"68,67",,354,0x02,0,,,,,,,64,,,
28.042423,10.100.0.10,255.255.255.255,17,,"67,68",,342,0x02,0,,,,,,,64,,,
28.043464,13.89.179.8,10.100.18.215,6,"4,43,57,593",,0x0010,66,0x02,0,0,0101050aab67fd2cab68013f,,,,,63,0.276824,,
28.144393,13.89.179.8,10.100.18.215,6,"4,43,57,593",,0x0018,154,0x02,0,0,,,,,,63,,,100
28.145417,10.100.18.215,13.89.179.8,6,"5,75,93,443",,0x0018,89,0x02,0,0,,,,,,128,0.001024,,35
28.147054,13.89.179.8,10.100.18.215,6,"4,43,57,593",,0x0010,60,0x02,0,0,,,,,,63,0.001637,,
28.246457,0.0.0.0,255.255.255.255,17,,"68,67",,364,0x02,0,,,,,,,64,,,
28.247011,10.100.0.10,255.255.255.255,17,,"67,68",,342,0x02,0,,,,,,,64,,,
28.24729,,,,,,,56,,,,,,,,,,,,
28.655683,10.100.19.151,10.100.255.255,17,,"5,76,21,57,621",,86,0x00,0,,,,,,,128,,,
36.236488,15.197.206.217,10.100.18.215,6,"52,22,56,944",,0x0018,118,0x02,0,0,,,,,,246,,,64
36.248957,10.100.18.215,15.197.206.217,6,"56,94,45,222",,0x0018,221,0x02,0,0,,,,,,128,0.012469,,167
36.249114,10.100.18.215,15.197.206.217,6,"56,94,45,222",,0x0018,100,0x02,0,0,,,,,,128,,,213
36.486208,10.100.18.215,15.197.206.217,6,"56,94,45,222",,0x0018,267,0x02,0,0,,,,,1,128,,,213
36.550032,15.197.206.217,10.100.18.215,6,"52,22,56,944",,0x0010,60,0x02,0,0,,,,,,246,0.300918,,
36.550032,15.197.206.217,10.100.18.215,6,"52,22,56,944",,0x0010,66,0x02,0,0,0101050ae6d5f93ee6d5fa13,,,,,246,,,
36.648455,15.197.206.217,10.100.18.215,6,"52,22,56,944",,0x0018,583,0x02,0,0,,,,,,246,,,529
36.667974,10.100.18.215,15.197.206.217,6,"56,94,45,222",,0x0018,93,0x02,0,0,,,,,,128,0.019519,,39
36.676625,15.197.206.217,10.100.18.215,6,"52,22,56,944",,0x0010,60,0x02,0,0,,,,,,246,0.008651,,
37.299651,15.197.206.217,10.100.18.215,6,"52,22,56,944",,0x0018,813,0x02,0,0,,,,,,246,,,759
37.306192,10.100.18.215,157.240.242.60,6,"5,76,00,443",,0x0002,66,0x02,0,0,020405b40103030801010402,,,,,128,,,
37.306192,10.100.18.215,163.70.132.60,6,"5,76,01,443",,0x0002,66,0x02,0,0,020405b40103030801010402,,,,,128,,,
37.306714,10.100.18.215,163.70.132.60,6,"5,76,02,443",,0x0002,66,0x02,0,0,020405b40103030801010402,,,,,128,,,
37.306892,10.100.18.215,157.240.217.60,6,"5,76,03,443",,0x0002,66,0x02,0,0,020405b40103030801010402,,,,,128,,,
37.306955,10.100.18.215,157.240.218.60,6,"5,76,04,443",,0x0002,66,0x02,0,0,020405b40103030801010402,,,,,128,,,
37.312367,157.240.242.60,10.100.18.215,6,"4,43,57,600",,0x0012,66,0x02,0,0,020405b40101040201030307,,,,,63,0.006175,,
37.312367,163.70.132.60,10.100.18.215,6,"4,43,57,601",,0x0012,66,0x02,0,0,020405b40101040201030307,,,,,63,0.006175,,
37.312507,10.100.18.215,157.240.242.60,6,"5,76,00,443",,0x0010,54,0x02,0,0,,,,,,128,0.00014,,
37.312569,10.100.18.215,163.70.132.60,6,"5,76,01,443",,0x0010,54,0x02,0,0,,,,,,128,0.000202,,
37.312806,163.70.132.60,10.100.18.215,6,"4,43,57,602",,0x0012,66,0x02,0,0,020405b40101040201030307,,,,,63,0.006092,,
37.312806,157.240.217.60,10.100.18.215,6,"4,43,57,603",,0x0012,66,0x02,0,0,020405b40101040201030307,,,,,63,0.005914,,
37.31289,10.100.18.215,163.70.132.60,6,"5,76,02,443",,0x0010,54,0x02,0,0,,,,,,128,0.000084,,
37.312935,10.100.18.215,157.240.217.60,6,"5,76,03,443",,0x0010,54,0x02,0,0,,,,,,128,0.000129,,
37.312981,157.240.218.60,10.100.18.215,6,"4,43,57,604",,0x0012,66,0x02,0,0,020405b40101040201030307,,,,,63,0.006026,,
37.313038,10.100.18.215,157.240.218.60,6,"5,76,04,443",,0x0010,54,0x02,0,0,,,,,,128,0.000057,,
37.314244,10.100.18.215,157.240.242.60,6,"5,76,00,443",,0x0018,527,0x02,0,0,,,,,,128,,,473
37.314482,10.100.18.215,163.70.132.60,6,"5,76,01,443",,0x0018,540,0x02,0,0,,,,,,128,,,486
37.31468,10.100.18.215,157.240.217.60,6,"5,76,03,443",,0x0018,540,0x02,0,0,,,,,,128,,,486
37.3155,10.100.18.215,157.240.218.60,6,"5,76,04,443",,0x0018,540,0x02,0,0,,,,,,128,,,486
37.316316,10.100.18.215,163.70.132.60,6,"5,76,02,443",,0x0018,361,0x02,0,0,,,,,,128,,,307
37.322157,157.240.242.60,10.100.18.215,6,"4,43,57,600",,0x0010,60,0x02,0,0,,,,,,63,0.007913,,
37.322157,163.70.132.60,10.100.18.215,6,"4,43,57,601",,0x0010,60,0x02,0,0,,,,,,63,0.007675,,
37.323458,157.240.217.60,10.100.18.215,6,"4,43,57,603",,0x0010,60,0x02,0,0,,,,,,63,0.008778,,
37.323458,157.240.218.60,10.100.18.215,6,"4,43,57,604",,0x0010,60,0x02,0,0,,,,,,63,0.007958,,
37.323458,163.70.132.60,10.100.18.215,6,"4,43,57,602",,0x0010,60,0x02,0,0,,,,,,63,0.007142,,
37.342016,10.100.18.215,15.197.206.217,6,"56,94,45,222",,0x0010,54,0x02,0,0,,,,,,128,0.042365,,
37.347113,157.240.242.60,10.100.18.215,6,"4,43,57,600",,0x0018,266,0x02,0,0,,,,,,63,,,212
37.3472,10.100.18.215,157.240.242.60,6,"5,76,00,443",,0x0010,54,0x02,0,0,,,,,,128,0.000087,,
37.34877,10.100.18.215,157.240.242.60,6,"5,76,00,443",,0x0018,118,0x02,0,0,,,,,,128,,,64
37.359096,10.100.18.215,157.240.242.60,6,"5,76,00,443",,0x0018,134,0x02,0,0,,,,,,128,,,144
37.366872,157.240.242.60,10.100.18.215,6,"4,43,57,600",,0x0010,60,0x02,0,0,,,,,,63,0.007776,,
37.366872,157.240.242.60,10.100.18.215,6,"4,43,57,600",,0x0018,299,0x02,0,0,,,,,,63,,,245
37.366965,10.100.18.215,157.240.242.60,6,"5,76,00,443",,0x0010,54,0x02,0,0,,,,,,128,0.000093,,
37.367757,10.100.18.215,157.240.242.60,6,"5,76,00,443",,0x0018,85,0x02,0,0,,,,,,128,,,31
37.368955,10.100.18.215,157.240.242.60,6,"5,76,00,443",,0x0018,195,0x02,0,0,,,,,,128,,,172
37.578858,10.100.18.215,157.240.242.60,6,"5,76,00,443",,0x0018,226,0x02,0,0,,,,,1,128,,,172
37.880439,10.100.18.215,157.240.242.60,6,"5,76,00,443",,0x0018,226,0x02,0,0,,,,,1,128,,,172
38.481606,10.100.18.215,157.240.242.60,6,"5,76,00,443",,0x0018,226,0x02,0,0,,,,,1,128,,,172
38.551278,163.70.132.60,10.100.18.215,6,"4,43,57,601",,0x0018,266,0x02,0,0,,,,,,63,,,212
38.551278,163.70.132.60,10.100.18.215,6,"4,43,57,602",,0x0018,1434,0x02,0,0,,,,,,63,,,1380
38.551278,163.70.132.60,10.100.18.215,6,"4,43,57,602",,0x0010,1514,0x02,0,0,,,,,,63,,,2840
38.551278,163.70.132.60,10.100.18.215,6,"4,43,57,602",,0x0018,391,0x02,0,0,,,,,,63,,,3177
38.551401,10.100.18.215,163.70.132.60,6,"5,76,02,443",,0x0010,54,0x02,0,0,,,,,,128,0.000123,,
38.55147,10.100.18.215,163.70.132.60,6,"5,76,01,443",,0x0010,54,0x02,0,0,,,,,,128,0.000192,,
38.552839,10.100.18.215,163.70.132.60,6,"5,76,01,443",,0x0018,118,0x02,0,0,,,,,,128,,,64
38.555302,157.240.242.60,10.100.18.215,6,"4,43,57,600",,0x0010,60,0x02,0,0,,,,,,63,1.186347,1,
38.555302,157.240.242.60,10.100.18.215,6,"4,43,57,600",,0x0010,66,0x02,0,0,0101050a3d914b233d914bcf,,,,,63,,,
38.555302,157.240.242.60,10.100.18.215,6,"4,43,57,600",,0x0018,89,0x02,0,0,,,,,,63,,,
38.555302,157.240.242.60,10.100.18.215,6,"4,43,57,600",,0x0018,159,0x02,0,0,,,,,,63,,,
38.555302,157.240.242.60,10.100.18.215,6,"4,43,57,600",,0x0018,85,0x02,0,0,,,,,,63,,,
38.555302,157.240.217.60,10.100.18.215,6,"4,43,57,603",,0x0018,266,0x02,0,0,,,,,,63,,,212
38.555302,157.240.242.60,10.100.18.215,6,"4,43,57,600",,0x0010,66,0x02,0,0,0101050a3d914b233d914bcf,,,,,63,,,
38.555302,157.240.218.60,10.100.18.215,6,"4,43,57,604",,0x0018,266,0x02,0,0,,,,,,63,,,212
38.555302,163.70.132.60,10.100.18.215,6,"4,43,57,601",,0x0018,266,0x02,0,0,,,,,1,63,,,212
38.555302,163.70.132.60,10.100.18.215,6,"4,43,57,602",,0x0018,1434,0x02,0,0,,,,,1,63,,,1380
38.555302,157.240.242.60,10.100.18.215,6,"4,43,57,600",,0x0018,256,0x02,0,0,,,,,1,63,,,
38.555302,157.240.217.60,10.100.18.215,6,"4,43,57,603",,0x0018,266,0x02,0,0,,,,,1,63,,,212
38.555413,10.100.18.215,157.240.242.60,6,"5,76,00,443",,0x0010,66,0x02,0,0,0101050a38fa948638fa94a9,,,,,128,,,
38.555458,10.100.18.215,157.240.242.60,6,"5,76,00,443",,0x0010,66,0x02,0,0,0101050a38fa948638fa9512,,,,,128,,,
38.555488,10.100.18.215,157.240.242.60,6,"5,76,00,443",,0x0010,66,0x02,0,0,0101050a38fa948638fa9531,,,,,128,,,
38.555552,10.100.18.215,163.70.132.60,6,"5,76,01,443",,0x0010,66,0x02,0,0,0101050abe7f1d5cbe7f1e30,,,,,128,0.00025,,
38.555591,10.100.18.215,163.70.132.60,6,"5,76,02,443",,0x0010,66,0x02,0,0,0101050ad5de1b59d5de20bd,,,,,128,,,
38.555647,10.100.18.215,157.240.242.60,6,"5,76,00,443",,0x0010,66,0x02,0,0,0101050a38fa948638fa9531,,,,,128,0.000345,,
38.555685,10.100.18.215,157.240.217.60,6,"5,76,03,443",,0x0010,66,0x02,0,0,0101050aa7b4b0d1a7b4b1a5,,,,,128,0.000383,,
38.555721,10.100.18.215,157.240.218.60,6,"5,76,04,443",,0x0010,54,0x02,0,0,,,,,,128,0.000419,,
38.556975,10.100.18.215,157.240.218.60,6,"5,76,04,443",,0x0018,118,0x02,0,0,,,,,,128,,,64
38.557021,10.100.18.215,157.240.217.60,6,"5,76,03,443",,0x0018,118,0x02,0,0,,,,,,128,,,64
38.5576,10.100.18.215,163.70.132.60,6,"5,76,02,443",,0x0018,118,0x02,0,0,,,,,,128,,,64
38.557924,157.240.242.60,10.100.18.215,6,"4,43,57,600",,0x0010,66,0x02,0,0,0101050a3d914b233d914bcf,,,,,63,,,
38.561065,163.70.132.60,10.100.18.215,6,"4,43,57,601",,0x0010,60,0x02,0,0,,,,,,63,0.008226,,
38.561185,157.240.217.60,10.100.18.215,6,"4,43,57,603",,0x0010,60,0x02,0,0,,,,,,63,0.004164,,
38.561321,157.240.218.60,10.100.18.215,6,"4,43,57,604",,0x0010,60,0x02,0,0,,,,,,63,0.004346,,
38.561321,163.70.132.60,10.100.18.215,6,"4,43,57,602",,0x0010,60,0x02,0,0,,,,,,63,0.003721,,
38.565744,10.100.18.215,163.70.132.60,6,"5,76,01,443",,0x0018,134,0x02,0,0,,,,,,128,,,80
38.565861,10.100.18.215,163.70.132.60,6,"5,76,01,443",,0x0018,201,0x02,0,0,,,,,,128,,,227
38.566021,10.100.18.215,163.70.132.60,6,"5,76,02,443",,0x0018,134,0x02,0,0,,,,,,128,,,80
38.566104,10.100.18.215,157.240.217.60,6,"5,76,03,443",,0x0018,134,0x02,0,0,,,,,,128,,,80
38.566194,10.100.18.215,157.240.218.60,6,"5,76,04,443",,0x0018,134,0x02,0,0,,,,,,128,,,80
38.566553,10.100.18.215,163.70.132.60,6,"5,76,01,443",,0x0018,92,0x02,0,0,,,,,,128,,,265
38.567268,10.100.18.215,157.240.217.60,6,"5,76,03,443",,0x0018,201,0x02,0,0,,,,,,128,,,227
38.568138,10.100.18.215,157.240.218.60,6,"5,76,04,443",,0x0018,201,0x02,0,0,,,,,,128,,,227
38.570433,163.70.132.60,10.100.18.215,6,"4,43,57,601",,0x0010,60,0x02,0,0,,,,,,63,0.004689,,
38.570433,163.70.132.60,10.100.18.215,6,"4,43,57,601",,0x0010,60,0x02,0,0,,,,,,63,0.004572,,
38.575013,163.70.132.60,10.100.18.215,6,"4,43,57,602",,0x0010,60,0x02,0,0,,,,,,63,0.008992,,
38.575013,157.240.217.60,10.100.18.215,6,"4,43,57,603",,0x0010,60,0x02,0,0,,,,,,63,0.008909,,
38.575013,157.240.218.60,10.100.18.215,6,"4,43,57,604",,0x0010,60,0x02,0,0,,,,,,63,0.008819,,
38.575013,163.70.132.60,10.100.18.215,6,"4,43,57,601",,0x0010,60,0x02,0,0,,,,,,63,0.00846,,
38.575096,157.240.218.60,10.100.18.215,6,"4,43,57,604",,0x0010,60,0x02,0,0,,,,,,63,0.006958,,
38.575096,157.240.217.60,10.100.18.215,6,"4,43,57,603",,0x0010,60,0x02,0,0,,,,,,63,0.007828,,
38.602108,157.240.218.60,10.100.18.215,6,"4,43,57,604",,0x0018,225,0x02,0,0,,,,,,63,,,171
38.602108,157.240.218.60,10.100.18.215,6,"4,43,57,604",,0x0018,128,0x02,0,0,,,,,,63,,,245
38.602195,10.100.18.215,157.240.218.60,6,"5,76,04,443",,0x0010,54,0x02,0,0,,,,,,128,0.000087,,
38.603448,10.100.18.215,157.240.218.60,6,"5,76,04,443",,0x0018,85,0x02,0,0,,,,,,128,,,31
38.609936,163.70.132.60,10.100.18.215,6,"4,43,57,601",,0x0018,225,0x02,0,0,,,,,,63,,,171
38.609936,163.70.132.60,10.100.18.215,6,"4,43,57,601",,0x0018,128,0x02,0,0,,,,,,63,,,245
38.610012,10.100.18.215,163.70.132.60,6,"5,76,01,443",,0x0010,54,0x02,0,0,,,,,,128,0.000076,,
38.610614,10.100.18.215,163.70.132.60,6,"5,76,01,443",,0x0018,85,0x02,0,0,,,,,,128,,,31
38.815278,10.100.18.215,157.240.218.60,6,"5,76,04,443",,0x0018,85,0x02,0,0,,,,,1,128,,,31
38.830413,10.100.18.215,163.70.132.60,6,"5,76,01,443",,0x0018,85,0x02,0,0,,,,,1,128,,,31
38.867513,163.70.132.60,10.100.18.215,6,"4,43,57,602",,0x0018,225,0x02,0,0,,,,,,63,,,171
38.867513,163.70.132.60,10.100.18.215,6,"4,43,57,602",,0x0018,128,0x02,0,0,,,,,,63,,,245
38.867513,157.240.218.60,10.100.18.215,6,"4,43,57,604",,0x0018,85,0x02,0,0,,,,,,63,,,31
38.867513,157.240.218.60,10.100.18.215,6,"4,43,57,604",,0x0018,89,0x02,0,0,,,,,,63,,,66
38.867627,10.100.18.215,163.70.132.60,6,"5,76,02,443",,0x0010,54,0x02,0,0,,,,,,128,0.000114,,
38.867684,10.100.18.215,157.240.218.60,6,"5,76,04,443",,0x0010,54,0x02,0,0,,,,,,128,0.000171,,
38.868723,10.100.18.215,163.70.132.60,6,"5,76,02,443",,0x0018,85,0x02,0,0,,,,,,128,,,31
38.87073,157.240.218.60,10.100.18.215,6,"4,43,57,604",,0x0018,159,0x02,0,0,,,,,,63,,,105
38.87073,157.240.217.60,10.100.18.215,6,"4,43,57,603",,0x0018,225,0x02,0,0,,,,,,63,,,171
38.87073,157.240.217.60,10.100.18.215,6,"4,43,57,603",,0x0018,128,0x02,0,0,,,,,,63,,,245
38.87073,157.240.218.60,10.100.18.215,6,"4,43,57,604",,0x0010,66,0x02,0,0,0101050a5673dadc5673dafb,,,,,63,0.267282,,
38.870894,10.100.18.215,157.240.217.60,6,"5,76,03,443",,0x0010,54,0x02,0,0,,,,,,128,0.000164,,
38.870963,10.100.18.215,157.240.218.60,6,"5,76,04,443",,0x0010,54,0x02,0,0,,,,,,128,0.000233,,
38.871013,163.70.132.60,10.100.18.215,6,"4,43,57,601",,0x0018,340,0x02,0,0,,,,,,63,,,286
38.871013,163.70.132.60,10.100.18.215,6,"4,43,57,601",,0x0010,66,0x02,0,0,0101050ad4226952d4226971,,,,,63,0.260399,,
38.871047,10.100.18.215,163.70.132.60,6,"5,76,01,443",,0x0010,54,0x02,0,0,,,,,,128,0.000034,,
38.871962,10.100.18.215,157.240.217.60,6,"5,76,03,443",,0x0018,85,0x02,0,0,,,,,,128,,,31
38.872471,163.70.132.60,10.100.18.215,6,"4,43,57,602",,0x0018,85,0x02,0,0,,,,,,63,,,31
38.872471,157.240.218.60,10.100.18.215,6,"4,43,57,604",,0x0018,85,0x02,0,0,,,,,,63,,,31
38.872518,10.100.18.215,163.70.132.60,6,"5,76,02,443",,0x0010,54,0x02,0,0,,,,,,128,0.000047,,
38.872559,10.100.18.215,157.240.218.60,6,"5,76,04,443",,0x0010,54,0x02,0,0,,,,,,128,0.000088,,
38.876273,163.70.132.60,10.100.18.215,6,"4,43,57,602",,0x0010,60,0x02,0,0,,,,,,63,0.00755,,
38.876273,157.240.217.60,10.100.18.215,6,"4,43,57,603",,0x0018,256,0x02,0,0,,,,,,63,,,202
38.87633,10.100.18.215,157.240.217.60,6,"5,76,03,443",,0x0010,54,0x02,0,0,,,,,,128,0.000057,,
38.878372,157.240.217.60,10.100.18.215,6,"4,43,57,603",,0x0010,60,0x02,0,0,,,,,,63,0.00641,,
38.882746,10.100.18.215,157.240.218.60,6,"5,76,04,443",,0x0018,239,0x02,0,0,,,,,,128,,,185
39.097048,10.100.18.215,157.240.218.60,6,"5,76,04,443",,0x0018,239,0x02,0,0,,,,,1,128,,,185
39.13772,157.240.218.60,10.100.18.215,6,"4,43,57,604",,0x0010,60,0x02,0,0,,,,,,63,0.254974,,
39.13772,157.240.218.60,10.100.18.215,6,"4,43,57,604",,0x0018,89,0x02,0,0,,,,,,63,,,35
39.137827,10.100.18.215,157.240.218.60,6,"5,76,04,443",,0x0010,54,0x02,0,0,,,,,,128,0.000107,,
39.143089,157.240.218.60,10.100.18.215,6,"4,43,57,604",,0x0010,66,0x02,0,0,0101050a5673dafb5673dbb4,,,,,63,,,
39.143089,157.240.218.60,10.100.18.215,6,"4,43,57,604",,0x0018,1434,0x02,0,0,,,,,,63,,,1380
39.143089,157.240.218.60,10.100.18.215,6,"4,43,57,604",,0x0018,1434,0x02,0,0,,,,,,63,,,2760
39.143187,10.100.18.215,157.240.218.60,6,"5,76,04,443",,0x0010,54,0x02,0,0,,,,,,128,0.000098,,
39.144167,157.240.218.60,10.100.18.215,6,"4,43,57,604",,0x0018,488,0x02,0,0,,,,,,63,,,434
39.14421,10.100.18.215,157.240.218.60,6,"5,76,04,443",,0x0010,54,0x02,0,0,,,,,,128,0.000043,,
40.944519,10.100.19.224,10.100.255.255,17,,"5,76,21,57,621",,82,0x02,0,,,,,,,64,,,
42.434293,10.100.18.215,20.212.88.117,6,"5,75,29,443",,0x0010,55,0x02,0,0,,,,,,128,,,1
42.482031,20.212.88.117,10.100.18.215,6,"4,43,57,529",,0x0010,66,0x02,0,0,0101050a2df1f3702df1f371,,,,,63,0.047738,,
42.58336,0.0.0.0,255.255.255.255,17,,"68,67",,342,0x00,0,,,,,,,255,,,
42.583592,,,,,,,56,,,,,,,,,,,,
42.640092,10.100.18.215,142.251.10.188,6,"57,53,05,228",,0x0010,55,0x02,0,0,,,,,,128,,,1
42.734298,10.100.18.215,10.20.0.100,17,,"50017,53",,80,0x00,0,,,catalog.gamepass.com,,,,128,,,
42.788713,142.251.10.188,10.100.18.215,6,"52,28,57,530",,0x0010,66,0x00,0,0,0101050a660e3570660e3571,,,,,123,0.148621,,
42.789982,10.20.0.100,10.100.18.215,17,,"53,50,017",,192,0x02,0,,,catalog.gamepass.com,,,,127,,,
42.79073,10.100.18.215,23.217.111.195,6,"5,76,05,443",,0x0002,66,0x02,0,0,020405b40103030801010402,,,,,128,,,
42.793238,23.217.111.195,10.100.18.215,6,"4,43,57,605",,0x0012,66,0x02,0,0,020405b40101040201030307,,,,,63,0.002508,,
42.793327,10.100.18.215,23.217.111.195,6,"5,76,05,443",,0x0010,54,0x02,0,0,,,,,,128,0.000089,,
42.794821,10.100.18.215,23.217.111.195,6,"5,76,05,443",,0x0018,348,0x02,0,0,,,,,,128,,,294
42.797529,23.217.111.195,10.100.18.215,6,"4,43,57,605",,0x0010,60,0x02,0,0,,,,,,63,0.002708,,
42.997662,23.217.111.195,10.100.18.215,6,"4,43,57,605",,0x0018,1502,0x02,0,0,,,,,,63,,,1448
42.997662,23.217.111.195,10.100.18.215,6,"4,43,57,605",,0x0018,1502,0x02,0,0,,,,,,63,,,2896
42.997662,23.217.111.195,10.100.18.215,6,"4,43,57,605",,0x0018,1023,0x02,0,0,,,,,,63,,,3865
42.997817,10.100.18.215,23.217.111.195,6,"5,76,05,443",,0x0010,54,0x02,0,0,,,,,,128,0.000155,,
43.000654,10.100.18.215,23.217.111.195,6,"5,76,05,443",,0x0018,134,0x02,0,0,,,,,,128,,,80
43.004057,23.217.111.195,10.100.18.215,6,"4,43,57,605",,0x0010,60,0x02,0,0,,,,,,63,0.003403,,
43.004322,10.100.18.215,23.217.111.195,6,"5,76,05,443",,0x0018,134,0x02,0,0,,,,,,128,,,80
43.004404,10.100.18.215,23.217.111.195,6,"5,76,05,443",,0x0018,168,0x02,0,0,,,,,,128,,,194
43.006523,23.217.111.195,10.100.18.215,6,"4,43,57,605",,0x0010,60,0x02,0,0,,,,,,63,0.002201,,
43.006523,23.217.111.195,10.100.18.215,6,"4,43,57,605",,0x0010,60,0x02,0,0,,,,,,63,0.002119,,
43.094877,23.217.111.195,10.100.18.215,6,"4,43,57,605",,0x0018,341,0x02,0,0,,,,,,63,,,287
43.094877,23.217.111.195,10.100.18.215,6,"4,43,57,605",,0x0018,341,0x02,0,0,,,,,,63,,,574
43.094961,10.100.18.215,23.217.111.195,6,"5,76,05,443",,0x0010,54,0x02,0,0,,,,,,128,0.000084,,
43.095243,23.217.111.195,10.100.18.215,6,"4,43,57,605",,0x0018,146,0x02,0,0,,,,,,63,,,92
43.095243,23.217.111.195,10.100.18.215,6,"4,43,57,605",,0x0018,199,0x02,0,0,,,,,,63,,,237
43.095296,10.100.18.215,23.217.111.195,6,"5,76,05,443",,0x0010,54,0x02,0,0,,,,,,128,0.000053,,
43.095365,23.217.111.195,10.100.18.215,6,"4,43,57,605",,0x0018,85,0x02,0,0,,,,,,63,,,31
43.096477,10.100.18.215,23.217.111.195,6,"5,76,05,443",,0x0018,85,0x02,0,0,,,,,,128,0.001112,,31
43.096669,10.100.18.215,23.217.111.195,6,"5,76,05,443",,0x0011,54,0x02,0,0,,,,,,128,,,
43.097478,23.217.111.195,10.100.18.215,6,"4,43,57,605",,0x0010,60,0x02,0,0,,,,,,63,0.001001,,
43.097866,23.217.111.195,10.100.18.215,6,"4,43,57,605",,0x0011,60,0x02,0,0,,,,,,63,0.001197,,
43.097896,10.100.18.215,23.217.111.195,6,"5,76,05,443",,0x0010,54,0x02,0,0,,,,,,128,0.00003,,
44.017412,,,,,,,56,,,,,,,,,,,,
44.01793,10.100.19.60,10.100.255.255,17,,"5,76,21,57,621",,86,0x00,0,,,,,,,128,,,
48.317175,10.100.19.238,10.100.255.255,17,,"5,76,21,57,621",,86,0x00,0,,,,,,,128,,,
48.37442,10.100.18.215,14.98.16.9,6,"5,75,99,443",,0x0010,55,0x02,0,0,,,,,,128,,,1
48.42197,14.98.16.9,10.100.18.215,6,"4,43,57,599",,0x0010,66,0x02,0,0,0101050abafb62b2bafb62b3,,,,,63,0.04755,,
52.927344,10.100.25.159,255.255.255.255,17,,"1,75,00,17,500",,175,0x00,0,,,,,,,128,,,
52.927683,10.100.25.159,255.255.255.255,17,,"1,75,00,17,500",,175,0x00,0,,,,,,,128,,,
52.92806,10.100.25.159,255.255.255.255,17,,"1,75,00,17,500",,175,0x00,0,,,,,,,128,,,
52.928747,10.100.25.159,255.255.255.255,17,,"1,75,00,17,500",,175,0x00,0,,,,,,,128,,,
52.929149,10.100.25.159,10.100.255.255,17,,"1,75,00,17,500",,175,0x00,0,,,,,,,128,,,
52.929601,10.100.25.159,255.255.255.255,17,,"1,75,00,17,500",,175,0x00,0,,,,,,,128,,,
52.930025,10.100.25.159,255.255.255.255,17,,"1,75,00,17,500",,175,0x00,0,,,,,,,128,,,
53.335378,10.100.19.217,10.100.255.255,17,,"5,76,21,57,621",,82,0x02,0,,,,,,,64,,,
54.156977,10.100.19.151,10.100.255.255,17,,"1,37,137",,92,0x00,0,,,,,,,128,,,
54.7733,10.100.19.151,10.100.255.255,17,,"1,37,137",,92,0x00,0,,,,,,,128,,,
55.592624,10.100.19.151,10.100.255.255,17,,"1,37,137",,92,0x00,0,,,,,,,128,,,
55.963688,10.100.18.215,23.11.215.81,17,,"6,14,56,443",,1292,0x02,0,,,,,,,128,,,
55.963817,10.100.18.215,23.11.215.81,17,,"6,14,56,443",,1292,0x02,0,,,,,,,128,,,
56.278275,10.100.18.215,23.11.215.81,17,,"6,14,56,443",,1292,0x02,0,,,,,,,128,,,
56.61378,0.0.0.0,255.255.255.255,17,,"68,67",,342,0x00,0,,,,,,,255,,,
56.614654,10.100.0.10,255.255.255.255,17,,"67,68",,342,0x02,0,,,,,,,64,,,
56.615014,10.100.19.59,10.100.255.255,17,,"5,76,21,57,621",,86,0x00,0,,,,,,,128,,,
56.882026,10.100.18.215,23.11.215.81,17,,"6,14,56,443",,1292,0x02,0,,,,,,,128,,,
57.226443,10.100.9.89,10.100.255.255,17,,"5,76,21,57,621",,82,0x02,0,,,,,,,64,,,
57.638204,0.0.0.0,255.255.255.255,17,,"68,67",,342,0x00,0,,,,,,,255,,,
57.638874,10.100.0.10,255.255.255.255,17,,"67,68",,342,0x02,0,,,,,,,64,,,
58.086305,10.100.18.215,23.11.215.81,17,,"6,14,56,443",,1292,0x02,0,,,,,,,128,,,
