58.086305,UDP,Unknown,S0,27142.0,7752.0,0,1,0,0.0,0,0.0,0.0,0.0,0.0,0.0,0.0,0.0,0.0,0.0,0.0,0,0,0.0,0,0.0,6.0,6.0,6.0,6.0,1.0,0.0,1.0,1.0,0.0,1.0,1.0,0.0,0.0,0.0,0.0
58.086305,TCP,Unknown,S1,27142.0,4521.0,0,1,0,0.0,0,0.0,0.0,0.0,0.0,0.0,0.0,0.0,0.0,0.0,0.0,0,0,0.0,0,0.0,10.0,10.0,10.0,10.0,1.0,0.0,1.0,1.0,0.0,1.0,1.0,0.0,0.0,0.0,0.0
45.772114,TCP,Unknown,S2,2104.0,26981.0,0,1,0,0.0,0,0.0,0.0,0.0,0.0,0.0,0.0,0.0,0.0,0.0,0.0,0,0,0.03418803418803419,0,0.0,10.0,105.0,117.0,105.0,10.5,-9.5,0.8974358974358975,0.8974358974358975,0.10256410256410253,0.08547008547008547,0.8974358974358975,0.03418803418803419,0.0380952380952381,0.0,0.0
58.086305,TCP,Unknown,ACK,27142.0,4521.0,0,1,0,0.0,0,0.0,0.0,0.0,0.0,0.0,0.0,0.0,0.0,0.0,0.0,1,0,0.0,0,0.0,10.0,10.0,10.0,10.0,1.0,0.0,1.0,1.0,0.0,1.0,1.0,0.0,0.0,0.0,0.0
58.086305,TCP,Unknown,ACK,27142.0,4521.0,0,1,0,0.0,0,0.0,0.0,0.0,0.0,0.0,0.0,0.0,0.0,0.0,0.0,1,0,0.0,0,0.0,10.0,10.0,10.0,10.0,1.0,0.0,1.0,1.0,0.0,1.0,1.0,0.0,0.0,0.0,0.0
58.086305,TCP,Unknown,SF,27142.0,4521.0,0,1,0,0.0,0,0.0,0.0,0.0,0.0,0.0,0.0,0.0,0.0,0.0,0.0,0,0,0.0,0,0.0,10.0,10.0,10.0,10.0,1.0,0.0,1.0,1.0,0.0,1.0,1.0,0.0,0.0,0.0,0.0
45.772114,TCP,Unknown,ACK,2104.0,26981.0,0,1,0,0.0,0,0.0,0.0,0.0,0.0,0.0,0.0,0.0,0.0,0.0,0.0,1,0,0.03418803418803419,0,0.0,10.0,105.0,117.0,105.0,10.5,-9.5,0.8974358974358975,0.8974358974358975,0.10256410256410253,0.08547008547008547,0.8974358974358975,0.03418803418803419,0.0380952380952381,0.0,0.0
45.772114,TCP,Unknown,ACK,2104.0,26981.0,0,1,0,0.0,0,0.0,0.0,0.0,0.0,0.0,0.0,0.0,0.0,0.0,0.0,1,0,0.03418803418803419,0,0.0,10.0,105.0,117.0,105.0,10.5,-9.5,0.8974358974358975,0.8974358974358975,0.10256410256410253,0.08547008547008547,0.8974358974358975,0.03418803418803419,0.0380952380952381,0.0,0.0
45.772114,TCP,Unknown,SF,2104.0,26981.0,0,1,0,0.0,0,0.0,0.0,0.0,0.0,0.0,0.0,0.0,0.0,0.0,0.0,0,0,0.03418803418803419,0,0.0,10.0,105.0,117.0,105.0,10.5,-9.5,0.8974358974358975,0.8974358974358975,0.10256410256410253,0.08547008547008547,0.8974358974358975,0.03418803418803419,0.0380952380952381,0.0,0.0
58.086305,TCP,Unknown,SF,27142.0,4521.0,0,1,0,0.0,0,0.0,0.0,0.0,0.0,0.0,0.0,0.0,0.0,0.0,0.0,0,0,0.0,0,0.0,10.0,10.0,10.0,10.0,1.0,0.0,1.0,1.0,0.0,1.0,1.0,0.0,0.0,0.0,0.0
58.086305,TCP,Unknown,SF,27142.0,4521.0,0,1,0,0.0,0,0.0,0.0,0.0,0.0,0.0,0.0,0.0,0.0,0.0,0.0,0,0,0.0,0,0.0,10.0,10.0,10.0,10.0,1.0,0.0,1.0,1.0,0.0,1.0,1.0,0.0,0.0,0.0,0.0
45.772114,TCP,Unknown,ACK,2104.0,26981.0,0,1,0,0.0,0,0.0,0.0,0.0,0.0,0.0,0.0,0.0,0.0,0.0,0.0,1,0,0.03418803418803419,0,0.0,10.0,105.0,117.0,105.0,10.5,-9.5,0.8974358974358975,0.8974358974358975,0.10256410256410253,0.08547008547008547,0.8974358974358975,0.03418803418803419,0.0380952380952381,0.0,0.0
45.772114,TCP,Unknown,SF,2104.0,26981.0,0,1,0,0.0,0,0.0,0.0,0.0,0.0,0.0,0.0,0.0,0.0,0.0,0.0,0,0,0.03418803418803419,0,0.0,10.0,105.0,117.0,105.0,10.5,-9.5,0.8974358974358975,0.8974358974358975,0.10256410256410253,0.08547008547008547,0.8974358974358975,0.03418803418803419,0.0380952380952381,0.0,0.0
58.086305,TCP,Unknown,ACK,27142.0,4521.0,0,1,0,0.0,0,0.0,0.0,0.0,0.0,0.0,0.0,0.0,0.0,0.0,0.0,1,0,0.0,0,0.0,10.0,10.0,10.0,10.0,1.0,0.0,1.0,1.0,0.0,1.0,1.0,0.0,0.0,0.0,0.0
45.772114,TCP,Unknown,SF,2104.0,26981.0,0,1,0,0.0,0,0.0,0.0,0.0,0.0,0.0,0.0,0.0,0.0,0.0,0.0,0,0,0.03418803418803419,0,0.0,10.0,105.0,117.0,105.0,10.5,-9.5,0.8974358974358975,0.8974358974358975,0.10256410256410253,0.08547008547008547,0.8974358974358975,0.03418803418803419,0.0380952380952381,0.0,0.0
58.086305,UDP,Unknown,S0,27142.0,430.0,0,0,0,0.0,0,0.0,0.0,0.0,0.0,0.0,0.0,0.0,0.0,0.0,0.0,0,0,0.0,0,0.0,5.0,5.0,5.0,5.0,1.0,0.0,1.0,1.0,0.0,1.0,1.0,0.0,0.0,0.0,0.0
58.086305,UDP,Unknown,S0,27142.0,430.0,0,0,0,0.0,0,0.0,0.0,0.0,0.0,0.0,0.0,0.0,0.0,0.0,0.0,0,0,0.0,0,0.0,5.0,5.0,5.0,5.0,1.0,0.0,1.0,1.0,0.0,1.0,1.0,0.0,0.0,0.0,0.0
58.086305,TCP,Unknown,SF,27142.0,4521.0,0,1,0,0.0,0,0.0,0.0,0.0,0.0,0.0,0.0,0.0,0.0,0.0,0.0,0,0,0.0,0,0.0,10.0,10.0,10.0,10.0,1.0,0.0,1.0,1.0,0.0,1.0,1.0,0.0,0.0,0.0,0.0
39.731913,UDP,Unknown,S0,1093.0,26981.0,0,1,0,0.0,0,0.0,0.0,0.0,0.0,0.0,0.0,0.0,0.0,0.0,0.0,0,0,0.03418803418803419,0,0.0,5.0,5.0,117.0,5.0,1.0,0.0,0.042735042735042736,0.042735042735042736,0.9572649572649573,0.042735042735042736,0.042735042735042736,0.03418803418803419,0.0,0.0,0.0
39.731913,UDP,Unknown,S0,1093.0,26981.0,0,1,0,0.0,0,0.0,0.0,0.0,0.0,0.0,0.0,0.0,0.0,0.0,0.0,0,0,0.03418803418803419,0,0.0,5.0,5.0,117.0,5.0,1.0,0.0,0.042735042735042736,0.042735042735042736,0.9572649572649573,0.042735042735042736,0.042735042735042736,0.03418803418803419,0.0,0.0,0.0
45.772114,TCP,Unknown,ACK,2104.0,26981.0,0,1,0,0.0,0,0.0,0.0,0.0,0.0,0.0,0.0,0.0,0.0,0.0,0.0,1,0,0.03418803418803419,0,0.0,10.0,105.0,117.0,105.0,10.5,-9.5,0.8974358974358975,0.8974358974358975,0.10256410256410253,0.08547008547008547,0.8974358974358975,0.03418803418803419,0.0380952380952381,0.0,0.0
45.772114,TCP,Unknown,SF,2104.0,26981.0,0,1,0,0.0,0,0.0,0.0,0.0,0.0,0.0,0.0,0.0,0.0,0.0,0.0,0,0,0.03418803418803419,0,0.0,10.0,105.0,117.0,105.0,10.5,-9.5,0.8974358974358975,0.8974358974358975,0.10256410256410253,0.08547008547008547,0.8974358974358975,0.03418803418803419,0.0380952380952381,0.0,0.0
58.086305,TCP,Unknown,ACK,27142.0,4521.0,0,1,0,0.0,0,0.0,0.0,0.0,0.0,0.0,0.0,0.0,0.0,0.0,0.0,1,0,0.0,0,0.0,10.0,10.0,10.0,10.0,1.0,0.0,1.0,1.0,0.0,1.0,1.0,0.0,0.0,0.0,0.0
50.791822,UDP,Unknown,S0,4208.0,8018.0,0,0,0,0.0,0,0.0,0.0,0.0,0.0,0.0,0.0,0.0,0.0,0.0,0.0,0,0,0.0,0,0.0,12.0,29.0,29.0,29.0,2.4166666666666665,-1.4166666666666665,1.0,1.0,0.0,0.41379310344827586,1.0,0.0,0.0,0.0,0.0
50.792038000000005,UDP,Unknown,S0,1710.0,8018.0,0,1,0,0.0,0,0.0,0.0,0.0,0.0,0.0,0.0,0.0,0.0,0.0,0.0,0,0,0.0,0,0.0,5.0,29.0,29.0,29.0,5.8,-4.8,1.0,1.0,0.0,0.1724137931034483,1.0,0.0,0.0,0.0,0.0
50.791822,UDP,Unknown,S0,4208.0,8018.0,0,0,0,0.0,0,0.0,0.0,0.0,0.0,0.0,0.0,0.0,0.0,0.0,0.0,0,0,0.0,0,0.0,12.0,29.0,29.0,29.0,2.4166666666666665,-1.4166666666666665,1.0,1.0,0.0,0.41379310344827586,1.0,0.0,0.0,0.0,0.0
0.0,Unknown,Unknown,S0,0.0,0.0,0,0,0,0.0,0,0.0,0.0,0.0,0.0,0.0,0.0,0.0,0.0,0.0,0.0,0,0,0.0,0,0.0,0.0,0.0,0.0,0.0,0.0,1.0,0.0,0.0,1.0,0.0,0.0,0.0,0.0,0.0,0.0
0.0,UDP,Unknown,S0,176.0,3195.0,0,0,0,0.0,0,0.0,0.0,0.0,0.0,0.0,0.0,0.0,0.0,0.0,0.0,0,0,0.0,0,0.0,1.0,27.0,27.0,27.0,27.0,-26.0,1.0,1.0,0.0,0.037037037037037035,1.0,0.0,0.0,0.0,0.0
0.0,Unknown,Unknown,S0,0.0,0.0,0,0,0,0.0,0,0.0,0.0,0.0,0.0,0.0,0.0,0.0,0.0,0.0,0.0,0,0,0.0,0,0.0,0.0,0.0,0.0,0.0,0.0,1.0,0.0,0.0,1.0,0.0,0.0,0.0,0.0,0.0,0.0
0.0,Unknown,Unknown,S0,0.0,0.0,0,0,0,0.0,0,0.0,0.0,0.0,0.0,0.0,0.0,0.0,0.0,0.0,0.0,0,0,0.0,0,0.0,0.0,0.0,0.0,0.0,0.0,1.0,0.0,0.0,1.0,0.0,0.0,0.0,0.0,0.0,0.0
0.0,Unknown,Unknown,S0,0.0,0.0,0,0,0,0.0,0,0.0,0.0,0.0,0.0,0.0,0.0,0.0,0.0,0.0,0.0,0,0,0.0,0,0.0,0.0,0.0,0.0,0.0,0.0,1.0,0.0,0.0,1.0,0.0,0.0,0.0,0.0,0.0,0.0
50.791822,UDP,Unknown,S0,4208.0,8018.0,0,0,0,0.0,0,0.0,0.0,0.0,0.0,0.0,0.0,0.0,0.0,0.0,0.0,0,0,0.0,0,0.0,12.0,29.0,29.0,29.0,2.4166666666666665,-1.4166666666666665,1.0,1.0,0.0,0.41379310344827586,1.0,0.0,0.0,0.0,0.0
0.0,UDP,Unknown,S0,92.0,3195.0,0,0,0,0.0,0,0.0,0.0,0.0,0.0,0.0,0.0,0.0,0.0,0.0,0.0,0,0,0.0,0,0.0,1.0,27.0,27.0,27.0,27.0,-26.0,1.0,1.0,0.0,0.037037037037037035,1.0,0.0,0.0,0.0,0.0
0.0,UDP,Unknown,S0,216.0,3195.0,0,0,0,0.0,0,0.0,0.0,0.0,0.0,0.0,0.0,0.0,0.0,0.0,0.0,0,0,0.0,0,0.0,1.0,27.0,27.0,27.0,27.0,-26.0,1.0,1.0,0.0,0.037037037037037035,1.0,0.0,0.0,0.0,0.0
2.1491919999999993,UDP,Unknown,S0,427.0,3195.0,0,0,0,0.0,0,0.0,0.0,0.0,0.0,0.0,0.0,0.0,0.0,0.0,0.0,0,0,0.0,0,0.0,3.0,27.0,27.0,27.0,9.0,-8.0,1.0,1.0,0.0,0.1111111111111111,1.0,0.0,0.0,0.0,0.0
58.086305,TCP,Unknown,SF,27142.0,152.0,0,1,0,0.0,0,0.0,0.0,0.0,0.0,0.0,0.0,0.0,0.0,0.0,0.0,0,0,0.0,0,0.0,2.0,2.0,2.0,2.0,1.0,0.0,1.0,1.0,0.0,1.0,1.0,0.0,0.0,0.0,0.0
0.0,TCP,Unknown,SF,229.0,26981.0,0,1,0,0.0,0,0.0,0.0,0.0,0.0,0.0,0.0,0.0,0.0,0.0,0.0,0,0,0.03418803418803419,0,0.0,1.0,105.0,117.0,105.0,105.0,-104.0,0.8974358974358975,0.8974358974358975,0.10256410256410253,0.008547008547008548,0.8974358974358975,0.03418803418803419,0.0380952380952381,0.0,0.0
58.086305,TCP,Unknown,ACK,27142.0,152.0,0,1,0,0.0,0,0.0,0.0,0.0,0.0,0.0,0.0,0.0,0.0,0.0,0.0,1,0,0.0,0,0.0,2.0,2.0,2.0,2.0,1.0,0.0,1.0,1.0,0.0,1.0,1.0,0.0,0.0,0.0,0.0
2.1491919999999993,UDP,Unknown,S0,427.0,3195.0,0,0,0,0.0,0,0.0,0.0,0.0,0.0,0.0,0.0,0.0,0.0,0.0,0.0,0,0,0.0,0,0.0,3.0,27.0,27.0,27.0,9.0,-8.0,1.0,1.0,0.0,0.1111111111111111,1.0,0.0,0.0,0.0,0.0
58.086305,TCP,Unknown,ACK,27142.0,3740.0,0,1,0,0.0,0,0.0,0.0,0.0,0.0,0.0,0.0,0.0,0.0,0.0,0.0,1,0,0.09090909090909091,0,0.0,11.0,11.0,11.0,11.0,1.0,0.0,1.0,1.0,0.0,1.0,1.0,0.09090909090909091,0.09090909090909091,0.0,0.0
12.700693000000001,TCP,Unknown,ACK,899.0,26981.0,0,1,0,0.0,0,0.0,0.0,0.0,0.0,0.0,0.0,0.0,0.0,0.0,0.0,1,0,0.03418803418803419,0,0.0,11.0,105.0,117.0,105.0,9.545454545454545,-8.545454545454545,0.8974358974358975,0.8974358974358975,0.10256410256410253,0.09401709401709402,0.8974358974358975,0.03418803418803419,0.0380952380952381,0.0,0.0
58.086305,TCP,Unknown,ACK,27142.0,3740.0,0,1,0,0.0,0,0.0,0.0,0.0,0.0,0.0,0.0,0.0,0.0,0.0,0.0,1,0,0.09090909090909091,0,0.0,11.0,11.0,11.0,11.0,1.0,0.0,1.0,1.0,0.0,1.0,1.0,0.09090909090909091,0.09090909090909091,0.0,0.0
12.700693000000001,TCP,Unknown,ACK,899.0,26981.0,0,1,0,0.0,0,0.0,0.0,0.0,0.0,0.0,0.0,0.0,0.0,0.0,0.0,1,0,0.03418803418803419,0,0.0,11.0,105.0,117.0,105.0,9.545454545454545,-8.545454545454545,0.8974358974358975,0.8974358974358975,0.10256410256410253,0.09401709401709402,0.8974358974358975,0.03418803418803419,0.0380952380952381,0.0,0.0
0.0,Unknown,Unknown,S0,0.0,0.0,0,0,0,0.0,0,0.0,0.0,0.0,0.0,0.0,0.0,0.0,0.0,0.0,0.0,0,0,0.0,0,0.0,0.0,0.0,0.0,0.0,0.0,1.0,0.0,0.0,1.0,0.0,0.0,0.0,0.0,0.0,0.0
40.042784,UDP,Unknown,S0,329.0,3195.0,0,0,0,0.0,0,0.0,0.0,0.0,0.0,0.0,0.0,0.0,0.0,0.0,0.0,0,0,0.0,0,0.0,2.0,27.0,27.0,27.0,13.5,-12.5,1.0,1.0,0.0,0.07407407407407407,1.0,0.0,0.0,0.0,0.0
2.1491919999999993,UDP,Unknown,S0,427.0,3195.0,0,0,0,0.0,0,0.0,0.0,0.0,0.0,0.0,0.0,0.0,0.0,0.0,0.0,0,0,0.0,0,0.0,3.0,27.0,27.0,27.0,9.0,-8.0,1.0,1.0,0.0,0.1111111111111111,1.0,0.0,0.0,0.0,0.0
58.086305,UDP,Unknown,S0,27142.0,430.0,0,0,0,0.0,0,0.0,0.0,0.0,0.0,0.0,0.0,0.0,0.0,0.0,0.0,0,0,0.0,0,0.0,5.0,5.0,5.0,5.0,1.0,0.0,1.0,1.0,0.0,1.0,1.0,0.0,0.0,0.0,0.0
58.086305,UDP,Unknown,S0,27142.0,430.0,0,0,0,0.0,0,0.0,0.0,0.0,0.0,0.0,0.0,0.0,0.0,0.0,0.0,0,0,0.0,0,0.0,5.0,5.0,5.0,5.0,1.0,0.0,1.0,1.0,0.0,1.0,1.0,0.0,0.0,0.0,0.0
58.086305,TCP,Unknown,SF,27142.0,3740.0,0,1,0,0.0,0,0.0,0.0,0.0,0.0,0.0,0.0,0.0,0.0,0.0,0.0,0,0,0.09090909090909091,0,0.0,11.0,11.0,11.0,11.0,1.0,0.0,1.0,1.0,0.0,1.0,1.0,0.09090909090909091,0.09090909090909091,0.0,0.0
58.086305,TCP,Unknown,SF,27142.0,3740.0,0,1,0,0.0,0,0.0,0.0,0.0,0.0,0.0,0.0,0.0,0.0,0.0,0.0,0,0,0.09090909090909091,0,0.0,11.0,11.0,11.0,11.0,1.0,0.0,1.0,1.0,0.0,1.0,1.0,0.09090909090909091,0.09090909090909091,0.0,0.0
58.086305,TCP,Unknown,SF,27142.0,3740.0,0,1,0,0.0,0,0.0,0.0,0.0,0.0,0.0,0.0,0.0,0.0,0.0,0.0,0,0,0.09090909090909091,0,0.0,11.0,11.0,11.0,11.0,1.0,0.0,1.0,1.0,0.0,1.0,1.0,0.09090909090909091,0.09090909090909091,0.0,0.0
12.700693000000001,TCP,Unknown,ACK,899.0,26981.0,0,1,0,0.0,0,0.0,0.0,0.0,0.0,0.0,0.0,0.0,0.0,0.0,0.0,1,0,0.03418803418803419,0,0.0,11.0,105.0,117.0,105.0,9.545454545454545,-8.545454545454545,0.8974358974358975,0.8974358974358975,0.10256410256410253,0.09401709401709402,0.8974358974358975,0.03418803418803419,0.0380952380952381,0.0,0.0
12.700693000000001,TCP,Unknown,ACK,899.0,26981.0,0,1,0,0.0,0,0.0,0.0,0.0,0.0,0.0,0.0,0.0,0.0,0.0,0.0,1,0,0.03418803418803419,0,0.0,11.0,105.0,117.0,105.0,9.545454545454545,-8.545454545454545,0.8974358974358975,0.8974358974358975,0.10256410256410253,0.09401709401709402,0.8974358974358975,0.03418803418803419,0.0380952380952381,0.0,0.0
12.700693000000001,TCP,Unknown,ACK,899.0,26981.0,0,1,0,0.0,0,0.0,0.0,0.0,0.0,0.0,0.0,0.0,0.0,0.0,0.0,1,0,0.03418803418803419,0,0.0,11.0,105.0,117.0,105.0,9.545454545454545,-8.545454545454545,0.8974358974358975,0.8974358974358975,0.10256410256410253,0.09401709401709402,0.8974358974358975,0.03418803418803419,0.0380952380952381,0.0,0.0
39.731913,UDP,Unknown,S0,1093.0,26981.0,0,1,0,0.0,0,0.0,0.0,0.0,0.0,0.0,0.0,0.0,0.0,0.0,0.0,0,0,0.03418803418803419,0,0.0,5.0,5.0,117.0,5.0,1.0,0.0,0.042735042735042736,0.042735042735042736,0.9572649572649573,0.042735042735042736,0.042735042735042736,0.03418803418803419,0.0,0.0,0.0
39.731913,UDP,Unknown,S0,1093.0,26981.0,0,1,0,0.0,0,0.0,0.0,0.0,0.0,0.0,0.0,0.0,0.0,0.0,0.0,0,0,0.03418803418803419,0,0.0,5.0,5.0,117.0,5.0,1.0,0.0,0.042735042735042736,0.042735042735042736,0.9572649572649573,0.042735042735042736,0.042735042735042736,0.03418803418803419,0.0,0.0,0.0
12.700693000000001,TCP,Unknown,SF,899.0,26981.0,0,1,0,0.0,0,0.0,0.0,0.0,0.0,0.0,0.0,0.0,0.0,0.0,0.0,0,0,0.03418803418803419,0,0.0,11.0,105.0,117.0,105.0,9.545454545454545,-8.545454545454545,0.8974358974358975,0.8974358974358975,0.10256410256410253,0.09401709401709402,0.8974358974358975,0.03418803418803419,0.0380952380952381,0.0,0.0
58.086305,TCP,Unknown,ACK,27142.0,3740.0,0,1,0,0.0,0,0.0,0.0,0.0,0.0,0.0,0.0,0.0,0.0,0.0,0.0,1,0,0.09090909090909091,0,0.0,11.0,11.0,11.0,11.0,1.0,0.0,1.0,1.0,0.0,1.0,1.0,0.09090909090909091,0.09090909090909091,0.0,0.0
0.0,Unknown,Unknown,S0,0.0,0.0,0,0,0,0.0,0,0.0,0.0,0.0,0.0,0.0,0.0,0.0,0.0,0.0,0.0,0,0,0.0,0,0.0,0.0,0.0,0.0,0.0,0.0,1.0,0.0,0.0,1.0,0.0,0.0,0.0,0.0,0.0,0.0
12.700693000000001,TCP,Unknown,SF,899.0,26981.0,0,1,0,0.0,0,0.0,0.0,0.0,0.0,0.0,0.0,0.0,0.0,0.0,0.0,0,0,0.03418803418803419,0,0.0,11.0,105.0,117.0,105.0,9.545454545454545,-8.545454545454545,0.8974358974358975,0.8974358974358975,0.10256410256410253,0.09401709401709402,0.8974358974358975,0.03418803418803419,0.0380952380952381,0.0,0.0
58.086305,TCP,Unknown,SF,27142.0,3740.0,0,1,0,0.0,0,0.0,0.0,0.0,0.0,0.0,0.0,0.0,0.0,0.0,0.0,0,0,0.09090909090909091,0,0.0,11.0,11.0,11.0,11.0,1.0,0.0,1.0,1.0,0.0,1.0,1.0,0.09090909090909091,0.09090909090909091,0.0,0.0
12.700693000000001,TCP,Unknown,ACK,899.0,26981.0,0,1,0,0.0,0,0.0,0.0,0.0,0.0,0.0,0.0,0.0,0.0,0.0,0.0,1,0,0.03418803418803419,0,0.0,11.0,105.0,117.0,105.0,9.545454545454545,-8.545454545454545,0.8974358974358975,0.8974358974358975,0.10256410256410253,0.09401709401709402,0.8974358974358975,0.03418803418803419,0.0380952380952381,0.0,0.0
0.0,UDP,Unknown,S0,243.0,3195.0,0,0,0,0.0,0,0.0,0.0,0.0,0.0,0.0,0.0,0.0,0.0,0.0,0.0,0,0,0.0,0,0.0,1.0,27.0,27.0,27.0,27.0,-26.0,1.0,1.0,0.0,0.037037037037037035,1.0,0.0,0.0,0.0,0.0
33.281689,UDP,Unknown,S0,328.0,3195.0,0,1,0,0.0,0,0.0,0.0,0.0,0.0,0.0,0.0,0.0,0.0,0.0,0.0,0,0,0.0,0,0.0,4.0,27.0,27.0,27.0,6.75,-5.75,1.0,1.0,0.0,0.14814814814814814,1.0,0.0,0.0,0.0,0.0
33.281689,UDP,Unknown,S0,328.0,3195.0,0,1,0,0.0,0,0.0,0.0,0.0,0.0,0.0,0.0,0.0,0.0,0.0,0.0,0,0,0.0,0,0.0,4.0,27.0,27.0,27.0,6.75,-5.75,1.0,1.0,0.0,0.14814814814814814,1.0,0.0,0.0,0.0,0.0
50.791822,UDP,Unknown,S0,4208.0,8018.0,0,0,0,0.0,0,0.0,0.0,0.0,0.0,0.0,0.0,0.0,0.0,0.0,0.0,0,0,0.0,0,0.0,12.0,29.0,29.0,29.0,2.4166666666666665,-1.4166666666666665,1.0,1.0,0.0,0.41379310344827586,1.0,0.0,0.0,0.0,0.0
0.0,UDP,Unknown,S0,86.0,3195.0,0,0,0,0.0,0,0.0,0.0,0.0,0.0,0.0,0.0,0.0,0.0,0.0,0.0,0,0,0.0,0,0.0,1.0,27.0,27.0,27.0,27.0,-26.0,1.0,1.0,0.0,0.037037037037037035,1.0,0.0,0.0,0.0,0.0
50.791822,UDP,Unknown,S0,4208.0,8018.0,0,0,0,0.0,0,0.0,0.0,0.0,0.0,0.0,0.0,0.0,0.0,0.0,0.0,0,0,0.0,0,0.0,12.0,29.0,29.0,29.0,2.4166666666666665,-1.4166666666666665,1.0,1.0,0.0,0.41379310344827586,1.0,0.0,0.0,0.0,0.0
0.0,Unknown,Unknown,S0,0.0,0.0,0,0,0,0.0,0,0.0,0.0,0.0,0.0,0.0,0.0,0.0,0.0,0.0,0.0,0,0,0.0,0,0.0,0.0,0.0,0.0,0.0,0.0,1.0,0.0,0.0,1.0,0.0,0.0,0.0,0.0,0.0,0.0
30.110583000000002,UDP,Unknown,S0,2450.0,8018.0,0,0,0,0.0,0,0.0,0.0,0.0,0.0,0.0,0.0,0.0,0.0,0.0,0.0,0,0,0.0,0,0.0,12.0,29.0,29.0,29.0,2.4166666666666665,-1.4166666666666665,1.0,1.0,0.0,0.41379310344827586,1.0,0.0,0.0,0.0,0.0
30.110583000000002,UDP,Unknown,S0,2450.0,8018.0,0,0,0,0.0,0,0.0,0.0,0.0,0.0,0.0,0.0,0.0,0.0,0.0,0.0,0,0,0.0,0,0.0,12.0,29.0,29.0,29.0,2.4166666666666665,-1.4166666666666665,1.0,1.0,0.0,0.41379310344827586,1.0,0.0,0.0,0.0,0.0
30.110583000000002,UDP,Unknown,S0,2450.0,8018.0,0,0,0,0.0,0,0.0,0.0,0.0,0.0,0.0,0.0,0.0,0.0,0.0,0.0,0,0,0.0,0,0.0,12.0,29.0,29.0,29.0,2.4166666666666665,-1.4166666666666665,1.0,1.0,0.0,0.41379310344827586,1.0,0.0,0.0,0.0,0.0
30.110583000000002,UDP,Unknown,S0,2450.0,8018.0,0,0,0,0.0,0,0.0,0.0,0.0,0.0,0.0,0.0,0.0,0.0,0.0,0.0,0,0,0.0,0,0.0,12.0,29.0,29.0,29.0,2.4166666666666665,-1.4166666666666665,1.0,1.0,0.0,0.41379310344827586,1.0,0.0,0.0,0.0,0.0
30.110583000000002,UDP,Unknown,S0,2450.0,3195.0,0,0,0,0.0,0,0.0,0.0,0.0,0.0,0.0,0.0,0.0,0.0,0.0,0.0,0,0,0.0,0,0.0,2.0,27.0,27.0,27.0,13.5,-12.5,1.0,1.0,0.0,0.07407407407407407,1.0,0.0,0.0,0.0,0.0
30.110583000000002,UDP,Unknown,S0,2450.0,8018.0,0,0,0,0.0,0,0.0,0.0,0.0,0.0,0.0,0.0,0.0,0.0,0.0,0.0,0,0,0.0,0,0.0,12.0,29.0,29.0,29.0,2.4166666666666665,-1.4166666666666665,1.0,1.0,0.0,0.41379310344827586,1.0,0.0,0.0,0.0,0.0
30.110583000000002,UDP,Unknown,S0,2450.0,8018.0,0,0,0,0.0,0,0.0,0.0,0.0,0.0,0.0,0.0,0.0,0.0,0.0,0.0,0,0,0.0,0,0.0,12.0,29.0,29.0,29.0,2.4166666666666665,-1.4166666666666665,1.0,1.0,0.0,0.41379310344827586,1.0,0.0,0.0,0.0,0.0
0.0,UDP,Unknown,S0,82.0,3195.0,0,1,0,0.0,0,0.0,0.0,0.0,0.0,0.0,0.0,0.0,0.0,0.0,0.0,0,0,0.0,0,0.0,1.0,27.0,27.0,27.0,27.0,-26.0,1.0,1.0,0.0,0.037037037037037035,1.0,0.0,0.0,0.0,0.0
33.281689,UDP,Unknown,S0,328.0,3195.0,0,1,0,0.0,0,0.0,0.0,0.0,0.0,0.0,0.0,0.0,0.0,0.0,0.0,0,0,0.0,0,0.0,4.0,27.0,27.0,27.0,6.75,-5.75,1.0,1.0,0.0,0.14814814814814814,1.0,0.0,0.0,0.0,0.0
0.0,Unknown,Unknown,S0,0.0,0.0,0,0,0,0.0,0,0.0,0.0,0.0,0.0,0.0,0.0,0.0,0.0,0.0,0.0,0,0,0.0,0,0.0,0.0,0.0,0.0,0.0,0.0,1.0,0.0,0.0,1.0,0.0,0.0,0.0,0.0,0.0,0.0
0.0,Unknown,Unknown,S0,0.0,0.0,0,0,0,0.0,0,0.0,0.0,0.0,0.0,0.0,0.0,0.0,0.0,0.0,0.0,0,0,0.0,0,0.0,0.0,0.0,0.0,0.0,0.0,1.0,0.0,0.0,1.0,0.0,0.0,0.0,0.0,0.0,0.0
0.0,UDP,Unknown,S0,82.0,3195.0,0,1,0,0.0,0,0.0,0.0,0.0,0.0,0.0,0.0,0.0,0.0,0.0,0.0,0,0,0.0,0,0.0,1.0,27.0,27.0,27.0,27.0,-26.0,1.0,1.0,0.0,0.037037037037037035,1.0,0.0,0.0,0.0,0.0
0.0,Unknown,Unknown,S0,0.0,0.0,0,0,0,0.0,0,0.0,0.0,0.0,0.0,0.0,0.0,0.0,0.0,0.0,0.0,0,0,0.0,0,0.0,0.0,0.0,0.0,0.0,0.0,1.0,0.0,0.0,1.0,0.0,0.0,0.0,0.0,0.0,0.0
50.791822,UDP,Unknown,S0,4208.0,8018.0,0,1,0,0.0,0,0.0,0.0,0.0,0.0,0.0,0.0,0.0,0.0,0.0,0.0,0,0,0.0,0,0.0,12.0,29.0,29.0,29.0,2.4166666666666665,-1.4166666666666665,1.0,1.0,0.0,0.41379310344827586,1.0,0.0,0.0,0.0,0.0
50.791822,UDP,Unknown,S0,4208.0,8018.0,0,1,0,0.0,0,0.0,0.0,0.0,0.0,0.0,0.0,0.0,0.0,0.0,0.0,0,0,0.0,0,0.0,12.0,29.0,29.0,29.0,2.4166666666666665,-1.4166666666666665,1.0,1.0,0.0,0.41379310344827586,1.0,0.0,0.0,0.0,0.0
0.0,UDP,Unknown,S0,86.0,3195.0,0,0,0,0.0,0,0.0,0.0,0.0,0.0,0.0,0.0,0.0,0.0,0.0,0.0,0,0,0.0,0,0.0,1.0,27.0,27.0,27.0,27.0,-26.0,1.0,1.0,0.0,0.037037037037037035,1.0,0.0,0.0,0.0,0.0
58.086305,TCP,Unknown,SF,27142.0,3740.0,0,1,0,0.0,0,0.0,0.0,0.0,0.0,0.0,0.0,0.0,0.0,0.0,0.0,0,0,0.09090909090909091,0,0.0,11.0,11.0,11.0,11.0,1.0,0.0,1.0,1.0,0.0,1.0,1.0,0.09090909090909091,0.09090909090909091,0.0,0.0
58.086305,TCP,Unknown,SF,27142.0,3740.0,0,1,0,0.0,0,0.0,0.0,0.0,0.0,0.0,0.0,0.0,0.0,0.0,0.0,0,0,0.09090909090909091,0,0.0,11.0,11.0,11.0,11.0,1.0,0.0,1.0,1.0,0.0,1.0,1.0,0.09090909090909091,0.09090909090909091,0.0,0.0
58.086305,TCP,Unknown,SF,27142.0,3740.0,0,1,0,0.0,0,0.0,0.0,0.0,0.0,0.0,0.0,0.0,0.0,0.0,0.0,0,1,0.09090909090909091,0,0.0,11.0,11.0,11.0,11.0,1.0,0.0,1.0,1.0,0.0,1.0,1.0,0.09090909090909091,0.09090909090909091,0.0,0.0
50.791822,UDP,Unknown,S0,4208.0,8018.0,0,1,0,0.0,0,0.0,0.0,0.0,0.0,0.0,0.0,0.0,0.0,0.0,0.0,0,0,0.0,0,0.0,12.0,29.0,29.0,29.0,2.4166666666666665,-1.4166666666666665,1.0,1.0,0.0,0.41379310344827586,1.0,0.0,0.0,0.0,0.0
50.792038000000005,UDP,Unknown,S0,1710.0,8018.0,0,1,0,0.0,0,0.0,0.0,0.0,0.0,0.0,0.0,0.0,0.0,0.0,0.0,0,0,0.0,0,0.0,5.0,29.0,29.0,29.0,5.8,-4.8,1.0,1.0,0.0,0.1724137931034483,1.0,0.0,0.0,0.0,0.0
12.700693000000001,TCP,Unknown,ACK,899.0,26981.0,0,1,0,0.0,0,0.0,0.0,0.0,0.0,0.0,0.0,0.0,0.0,0.0,0.0,1,0,0.03418803418803419,0,0.0,11.0,105.0,117.0,105.0,9.545454545454545,-8.545454545454545,0.8974358974358975,0.8974358974358975,0.10256410256410253,0.09401709401709402,0.8974358974358975,0.03418803418803419,0.0380952380952381,0.0,0.0
12.700693000000001,TCP,Unknown,SF,899.0,26981.0,0,1,0,0.0,0,0.0,0.0,0.0,0.0,0.0,0.0,0.0,0.0,0.0,0.0,0,0,0.03418803418803419,0,0.0,11.0,105.0,117.0,105.0,9.545454545454545,-8.545454545454545,0.8974358974358975,0.8974358974358975,0.10256410256410253,0.09401709401709402,0.8974358974358975,0.03418803418803419,0.0380952380952381,0.0,0.0
58.086305,TCP,Unknown,SF,27142.0,3740.0,0,1,0,0.0,0,0.0,0.0,0.0,0.0,0.0,0.0,0.0,0.0,0.0,0.0,0,0,0.09090909090909091,0,0.0,11.0,11.0,11.0,11.0,1.0,0.0,1.0,1.0,0.0,1.0,1.0,0.09090909090909091,0.09090909090909091,0.0,0.0
12.700693000000001,TCP,Unknown,ACK,899.0,26981.0,0,1,0,0.0,0,0.0,0.0,0.0,0.0,0.0,0.0,0.0,0.0,0.0,0.0,1,0,0.03418803418803419,0,0.0,11.0,105.0,117.0,105.0,9.545454545454545,-8.545454545454545,0.8974358974358975,0.8974358974358975,0.10256410256410253,0.09401709401709402,0.8974358974358975,0.03418803418803419,0.0380952380952381,0.0,0.0
50.791822,UDP,Unknown,S0,4208.0,8018.0,0,1,0,0.0,0,0.0,0.0,0.0,0.0,0.0,0.0,0.0,0.0,0.0,0.0,0,0,0.0,0,0.0,12.0,29.0,29.0,29.0,2.4166666666666665,-1.4166666666666665,1.0,1.0,0.0,0.41379310344827586,1.0,0.0,0.0,0.0,0.0
50.792038000000005,UDP,Unknown,S0,1710.0,8018.0,0,1,0,0.0,0,0.0,0.0,0.0,0.0,0.0,0.0,0.0,0.0,0.0,0.0,0,0,0.0,0,0.0,5.0,29.0,29.0,29.0,5.8,-4.8,1.0,1.0,0.0,0.1724137931034483,1.0,0.0,0.0,0.0,0.0
0.0,Unknown,Unknown,S0,0.0,0.0,0,0,0,0.0,0,0.0,0.0,0.0,0.0,0.0,0.0,0.0,0.0,0.0,0.0,0,0,0.0,0,0.0,0.0,0.0,0.0,0.0,0.0,1.0,0.0,0.0,1.0,0.0,0.0,0.0,0.0,0.0,0.0
26.936941,UDP,Unknown,S0,362.0,3195.0,0,0,0,0.0,0,0.0,0.0,0.0,0.0,0.0,0.0,0.0,0.0,0.0,0.0,0,0,0.0,0,0.0,4.0,27.0,27.0,27.0,6.75,-5.75,1.0,1.0,0.0,0.14814814814814814,1.0,0.0,0.0,0.0,0.0
1.0631629999999959,TCP,Unknown,SF,1700.0,26981.0,0,1,0,0.0,0,0.0,0.0,0.0,0.0,0.0,0.0,0.0,0.0,0.0,0.0,0,0,0.03418803418803419,0,0.0,6.0,7.0,117.0,7.0,1.1666666666666667,-0.16666666666666674,0.05982905982905983,0.05982905982905983,0.9401709401709402,0.05128205128205128,0.05982905982905983,0.03418803418803419,0.0,0.0,0.0
58.086305,TCP,Unknown,SF,27142.0,735.0,0,1,0,0.0,0,0.0,0.0,0.0,0.0,0.0,0.0,0.0,0.0,0.0,0.0,0,0,0.2,0,0.0,5.0,5.0,5.0,5.0,1.0,0.0,1.0,1.0,0.0,1.0,1.0,0.2,0.2,0.0,0.0
58.086305,TCP,Unknown,SF,27142.0,735.0,0,1,0,0.0,0,0.0,0.0,0.0,0.0,0.0,0.0,0.0,0.0,0.0,0.0,0,0,0.2,0,0.0,5.0,5.0,5.0,5.0,1.0,0.0,1.0,1.0,0.0,1.0,1.0,0.2,0.2,0.0,0.0
58.086305,TCP,Unknown,SF,27142.0,735.0,0,1,0,0.0,0,0.0,0.0,0.0,0.0,0.0,0.0,0.0,0.0,0.0,0.0,0,1,0.2,0,0.0,5.0,5.0,5.0,5.0,1.0,0.0,1.0,1.0,0.0,1.0,1.0,0.2,0.2,0.0,0.0
1.0631629999999959,TCP,Unknown,ACK,1700.0,26981.0,0,1,0,0.0,0,0.0,0.0,0.0,0.0,0.0,0.0,0.0,0.0,0.0,0.0,1,0,0.03418803418803419,0,0.0,6.0,7.0,117.0,7.0,1.1666666666666667,-0.16666666666666674,0.05982905982905983,0.05982905982905983,0.9401709401709402,0.05128205128205128,0.05982905982905983,0.03418803418803419,0.0,0.0,0.0
1.0631629999999959,TCP,Unknown,ACK,1700.0,26981.0,0,1,0,0.0,0,0.0,0.0,0.0,0.0,0.0,0.0,0.0,0.0,0.0,0.0,1,0,0.03418803418803419,0,0.0,6.0,7.0,117.0,7.0,1.1666666666666667,-0.16666666666666674,0.05982905982905983,0.05982905982905983,0.9401709401709402,0.05128205128205128,0.05982905982905983,0.03418803418803419,0.0,0.0,0.0
1.0631629999999959,TCP,Unknown,SF,1700.0,26981.0,0,1,0,0.0,0,0.0,0.0,0.0,0.0,0.0,0.0,0.0,0.0,0.0,0.0,0,0,0.03418803418803419,0,0.0,6.0,7.0,117.0,7.0,1.1666666666666667,-0.16666666666666674,0.05982905982905983,0.05982905982905983,0.9401709401709402,0.05128205128205128,0.05982905982905983,0.03418803418803419,0.0,0.0,0.0
58.086305,TCP,Unknown,SF,27142.0,735.0,0,1,0,0.0,0,0.0,0.0,0.0,0.0,0.0,0.0,0.0,0.0,0.0,0.0,0,0,0.2,0,0.0,5.0,5.0,5.0,5.0,1.0,0.0,1.0,1.0,0.0,1.0,1.0,0.2,0.2,0.0,0.0
1.0631629999999959,TCP,Unknown,ACK,1700.0,26981.0,0,1,0,0.0,0,0.0,0.0,0.0,0.0,0.0,0.0,0.0,0.0,0.0,0.0,1,0,0.03418803418803419,0,0.0,6.0,7.0,117.0,7.0,1.1666666666666667,-0.16666666666666674,0.05982905982905983,0.05982905982905983,0.9401709401709402,0.05128205128205128,0.05982905982905983,0.03418803418803419,0.0,0.0,0.0
1.0631629999999959,TCP,Unknown,SF,1700.0,26981.0,0,1,0,0.0,0,0.0,0.0,0.0,0.0,0.0,0.0,0.0,0.0,0.0,0.0,0,0,0.03418803418803419,0,0.0,6.0,7.0,117.0,7.0,1.1666666666666667,-0.16666666666666674,0.05982905982905983,0.05982905982905983,0.9401709401709402,0.05128205128205128,0.05982905982905983,0.03418803418803419,0.0,0.0,0.0
58.086305,TCP,Unknown,S1,27142.0,2229.0,0,1,0,0.0,0,0.0,0.0,0.0,0.0,0.0,0.0,0.0,0.0,0.0,0.0,0,0,0.1875,0,0.0,16.0,16.0,16.0,16.0,1.0,0.0,1.0,1.0,0.0,1.0,1.0,0.1875,0.1875,0.0,0.0
58.086305,TCP,Unknown,S1,27142.0,2649.0,0,1,0,0.0,0,0.0,0.0,0.0,0.0,0.0,0.0,0.0,0.0,0.0,0.0,0,0,0.043478260869565216,0,0.0,23.0,23.0,23.0,23.0,1.0,0.0,1.0,1.0,0.0,1.0,1.0,0.043478260869565216,0.043478260869565216,0.0,0.0
58.086305,TCP,Unknown,S1,27142.0,2649.0,0,1,0,0.0,0,0.0,0.0,0.0,0.0,0.0,0.0,0.0,0.0,0.0,0.0,0,0,0.043478260869565216,0,0.0,23.0,23.0,23.0,23.0,1.0,0.0,1.0,1.0,0.0,1.0,1.0,0.043478260869565216,0.043478260869565216,0.0,0.0
58.086305,TCP,Unknown,S1,27142.0,1372.0,0,1,0,0.0,0,0.0,0.0,0.0,0.0,0.0,0.0,0.0,0.0,0.0,0.0,0,0,0.0,0,0.0,10.0,10.0,10.0,10.0,1.0,0.0,1.0,1.0,0.0,1.0,1.0,0.0,0.0,0.0,0.0
58.086305,TCP,Unknown,S1,27142.0,2193.0,0,1,0,0.0,0,0.0,0.0,0.0,0.0,0.0,0.0,0.0,0.0,0.0,0.0,0,0,0.1111111111111111,0,0.0,18.0,18.0,18.0,18.0,1.0,0.0,1.0,1.0,0.0,1.0,1.0,0.1111111111111111,0.1111111111111111,0.0,0.0
1.245556999999998,TCP,Unknown,S2,1598.0,26981.0,0,1,0,0.0,0,0.0,0.0,0.0,0.0,0.0,0.0,0.0,0.0,0.0,0.0,0,0,0.03418803418803419,0,0.0,13.0,105.0,117.0,105.0,8.076923076923077,-7.076923076923077,0.8974358974358975,0.8974358974358975,0.10256410256410253,0.1111111111111111,0.8974358974358975,0.03418803418803419,0.0380952380952381,0.0,0.0
1.5639059999999958,TCP,Unknown,S2,7174.0,26981.0,0,1,0,0.0,0,0.0,0.0,0.0,0.0,0.0,0.0,0.0,0.0,0.0,0.0,0,0,0.03418803418803419,0,0.0,24.0,105.0,117.0,105.0,4.375,-3.375,0.8974358974358975,0.8974358974358975,0.10256410256410253,0.20512820512820512,0.8974358974358975,0.03418803418803419,0.0380952380952381,0.0,0.0
58.086305,TCP,Unknown,ACK,27142.0,2229.0,0,1,0,0.0,0,0.0,0.0,0.0,0.0,0.0,0.0,0.0,0.0,0.0,0.0,1,0,0.1875,0,0.0,16.0,16.0,16.0,16.0,1.0,0.0,1.0,1.0,0.0,1.0,1.0,0.1875,0.1875,0.0,0.0
58.086305,TCP,Unknown,ACK,27142.0,2649.0,0,1,0,0.0,0,0.0,0.0,0.0,0.0,0.0,0.0,0.0,0.0,0.0,0.0,1,0,0.043478260869565216,0,0.0,23.0,23.0,23.0,23.0,1.0,0.0,1.0,1.0,0.0,1.0,1.0,0.043478260869565216,0.043478260869565216,0.0,0.0
1.5639059999999958,TCP,Unknown,S2,7174.0,26981.0,0,1,0,0.0,0,0.0,0.0,0.0,0.0,0.0,0.0,0.0,0.0,0.0,0.0,0,0,0.03418803418803419,0,0.0,24.0,105.0,117.0,105.0,4.375,-3.375,0.8974358974358975,0.8974358974358975,0.10256410256410253,0.20512820512820512,0.8974358974358975,0.03418803418803419,0.0380952380952381,0.0,0.0
1.565565999999997,TCP,Unknown,S2,1507.0,26981.0,0,1,0,0.0,0,0.0,0.0,0.0,0.0,0.0,0.0,0.0,0.0,0.0,0.0,0,0,0.03418803418803419,0,0.0,11.0,105.0,117.0,105.0,9.545454545454545,-8.545454545454545,0.8974358974358975,0.8974358974358975,0.10256410256410253,0.09401709401709402,0.8974358974358975,0.03418803418803419,0.0380952380952381,0.0,0.0
58.086305,TCP,Unknown,ACK,27142.0,2649.0,0,1,0,0.0,0,0.0,0.0,0.0,0.0,0.0,0.0,0.0,0.0,0.0,0.0,1,0,0.043478260869565216,0,0.0,23.0,23.0,23.0,23.0,1.0,0.0,1.0,1.0,0.0,1.0,1.0,0.043478260869565216,0.043478260869565216,0.0,0.0
58.086305,TCP,Unknown,ACK,27142.0,1372.0,0,1,0,0.0,0,0.0,0.0,0.0,0.0,0.0,0.0,0.0,0.0,0.0,0.0,1,0,0.0,0,0.0,10.0,10.0,10.0,10.0,1.0,0.0,1.0,1.0,0.0,1.0,1.0,0.0,0.0,0.0,0.0
1.8311860000000024,TCP,Unknown,S2,4980.0,26981.0,0,1,0,0.0,0,0.0,0.0,0.0,0.0,0.0,0.0,0.0,0.0,0.0,0.0,0,0,0.03418803418803419,0,0.0,19.0,105.0,117.0,105.0,5.526315789473684,-4.526315789473684,0.8974358974358975,0.8974358974358975,0.10256410256410253,0.1623931623931624,0.8974358974358975,0.03418803418803419,0.0380952380952381,0.0,0.0
58.086305,TCP,Unknown,ACK,27142.0,2193.0,0,1,0,0.0,0,0.0,0.0,0.0,0.0,0.0,0.0,0.0,0.0,0.0,0.0,1,0,0.1111111111111111,0,0.0,18.0,18.0,18.0,18.0,1.0,0.0,1.0,1.0,0.0,1.0,1.0,0.1111111111111111,0.1111111111111111,0.0,0.0
58.086305,TCP,Unknown,SF,27142.0,2229.0,0,1,0,0.0,0,0.0,0.0,0.0,0.0,0.0,0.0,0.0,0.0,0.0,0.0,0,0,0.1875,0,0.0,16.0,16.0,16.0,16.0,1.0,0.0,1.0,1.0,0.0,1.0,1.0,0.1875,0.1875,0.0,0.0
58.086305,TCP,Unknown,SF,27142.0,2649.0,0,1,0,0.0,0,0.0,0.0,0.0,0.0,0.0,0.0,0.0,0.0,0.0,0.0,0,0,0.043478260869565216,0,0.0,23.0,23.0,23.0,23.0,1.0,0.0,1.0,1.0,0.0,1.0,1.0,0.043478260869565216,0.043478260869565216,0.0,0.0
58.086305,TCP,Unknown,SF,27142.0,1372.0,0,1,0,0.0,0,0.0,0.0,0.0,0.0,0.0,0.0,0.0,0.0,0.0,0.0,0,0,0.0,0,0.0,10.0,10.0,10.0,10.0,1.0,0.0,1.0,1.0,0.0,1.0,1.0,0.0,0.0,0.0,0.0
58.086305,TCP,Unknown,SF,27142.0,2193.0,0,1,0,0.0,0,0.0,0.0,0.0,0.0,0.0,0.0,0.0,0.0,0.0,0.0,0,0,0.1111111111111111,0,0.0,18.0,18.0,18.0,18.0,1.0,0.0,1.0,1.0,0.0,1.0,1.0,0.1111111111111111,0.1111111111111111,0.0,0.0
58.086305,TCP,Unknown,SF,27142.0,2649.0,0,1,0,0.0,0,0.0,0.0,0.0,0.0,0.0,0.0,0.0,0.0,0.0,0.0,0,0,0.043478260869565216,0,0.0,23.0,23.0,23.0,23.0,1.0,0.0,1.0,1.0,0.0,1.0,1.0,0.043478260869565216,0.043478260869565216,0.0,0.0
1.245556999999998,TCP,Unknown,ACK,1598.0,26981.0,0,1,0,0.0,0,0.0,0.0,0.0,0.0,0.0,0.0,0.0,0.0,0.0,0.0,1,0,0.03418803418803419,0,0.0,13.0,105.0,117.0,105.0,8.076923076923077,-7.076923076923077,0.8974358974358975,0.8974358974358975,0.10256410256410253,0.1111111111111111,0.8974358974358975,0.03418803418803419,0.0380952380952381,0.0,0.0
1.5639059999999958,TCP,Unknown,ACK,7174.0,26981.0,0,1,0,0.0,0,0.0,0.0,0.0,0.0,0.0,0.0,0.0,0.0,0.0,0.0,1,0,0.03418803418803419,0,0.0,24.0,105.0,117.0,105.0,4.375,-3.375,0.8974358974358975,0.8974358974358975,0.10256410256410253,0.20512820512820512,0.8974358974358975,0.03418803418803419,0.0380952380952381,0.0,0.0
1.565565999999997,TCP,Unknown,ACK,1507.0,26981.0,0,1,0,0.0,0,0.0,0.0,0.0,0.0,0.0,0.0,0.0,0.0,0.0,0.0,1,0,0.03418803418803419,0,0.0,11.0,105.0,117.0,105.0,9.545454545454545,-8.545454545454545,0.8974358974358975,0.8974358974358975,0.10256410256410253,0.09401709401709402,0.8974358974358975,0.03418803418803419,0.0380952380952381,0.0,0.0
1.8311860000000024,TCP,Unknown,ACK,4980.0,26981.0,0,1,0,0.0,0,0.0,0.0,0.0,0.0,0.0,0.0,0.0,0.0,0.0,0.0,1,0,0.03418803418803419,0,0.0,19.0,105.0,117.0,105.0,5.526315789473684,-4.526315789473684,0.8974358974358975,0.8974358974358975,0.10256410256410253,0.1623931623931624,0.8974358974358975,0.03418803418803419,0.0380952380952381,0.0,0.0
1.5639059999999958,TCP,Unknown,ACK,7174.0,26981.0,0,1,0,0.0,0,0.0,0.0,0.0,0.0,0.0,0.0,0.0,0.0,0.0,0.0,1,0,0.03418803418803419,0,0.0,24.0,105.0,117.0,105.0,4.375,-3.375,0.8974358974358975,0.8974358974358975,0.10256410256410253,0.20512820512820512,0.8974358974358975,0.03418803418803419,0.0380952380952381,0.0,0.0
58.086305,TCP,Unknown,ACK,27142.0,735.0,0,1,0,0.0,0,0.0,0.0,0.0,0.0,0.0,0.0,0.0,0.0,0.0,0.0,1,0,0.2,0,0.0,5.0,5.0,5.0,5.0,1.0,0.0,1.0,1.0,0.0,1.0,1.0,0.2,0.2,0.0,0.0
1.245556999999998,TCP,Unknown,SF,1598.0,26981.0,0,1,0,0.0,0,0.0,0.0,0.0,0.0,0.0,0.0,0.0,0.0,0.0,0.0,0,0,0.03418803418803419,0,0.0,13.0,105.0,117.0,105.0,8.076923076923077,-7.076923076923077,0.8974358974358975,0.8974358974358975,0.10256410256410253,0.1111111111111111,0.8974358974358975,0.03418803418803419,0.0380952380952381,0.0,0.0
58.086305,TCP,Unknown,ACK,27142.0,2229.0,0,1,0,0.0,0,0.0,0.0,0.0,0.0,0.0,0.0,0.0,0.0,0.0,0.0,1,0,0.1875,0,0.0,16.0,16.0,16.0,16.0,1.0,0.0,1.0,1.0,0.0,1.0,1.0,0.1875,0.1875,0.0,0.0
58.086305,TCP,Unknown,SF,27142.0,2229.0,0,1,0,0.0,0,0.0,0.0,0.0,0.0,0.0,0.0,0.0,0.0,0.0,0.0,0,0,0.1875,0,0.0,16.0,16.0,16.0,16.0,1.0,0.0,1.0,1.0,0.0,1.0,1.0,0.1875,0.1875,0.0,0.0
58.086305,TCP,Unknown,SF,27142.0,2229.0,0,1,0,0.0,0,0.0,0.0,0.0,0.0,0.0,0.0,0.0,0.0,0.0,0.0,0,0,0.1875,0,0.0,16.0,16.0,16.0,16.0,1.0,0.0,1.0,1.0,0.0,1.0,1.0,0.1875,0.1875,0.0,0.0
1.245556999999998,TCP,Unknown,ACK,1598.0,26981.0,0,1,0,0.0,0,0.0,0.0,0.0,0.0,0.0,0.0,0.0,0.0,0.0,0.0,1,0,0.03418803418803419,0,0.0,13.0,105.0,117.0,105.0,8.076923076923077,-7.076923076923077,0.8974358974358975,0.8974358974358975,0.10256410256410253,0.1111111111111111,0.8974358974358975,0.03418803418803419,0.0380952380952381,0.0,0.0
1.245556999999998,TCP,Unknown,SF,1598.0,26981.0,0,1,0,0.0,0,0.0,0.0,0.0,0.0,0.0,0.0,0.0,0.0,0.0,0.0,0,0,0.03418803418803419,0,0.0,13.0,105.0,117.0,105.0,8.076923076923077,-7.076923076923077,0.8974358974358975,0.8974358974358975,0.10256410256410253,0.1111111111111111,0.8974358974358975,0.03418803418803419,0.0380952380952381,0.0,0.0
58.086305,TCP,Unknown,ACK,27142.0,2229.0,0,1,0,0.0,0,0.0,0.0,0.0,0.0,0.0,0.0,0.0,0.0,0.0,0.0,1,0,0.1875,0,0.0,16.0,16.0,16.0,16.0,1.0,0.0,1.0,1.0,0.0,1.0,1.0,0.1875,0.1875,0.0,0.0
58.086305,TCP,Unknown,SF,27142.0,2229.0,0,1,0,0.0,0,0.0,0.0,0.0,0.0,0.0,0.0,0.0,0.0,0.0,0.0,0,0,0.1875,0,0.0,16.0,16.0,16.0,16.0,1.0,0.0,1.0,1.0,0.0,1.0,1.0,0.1875,0.1875,0.0,0.0
58.086305,TCP,Unknown,SF,27142.0,2229.0,0,1,0,0.0,0,0.0,0.0,0.0,0.0,0.0,0.0,0.0,0.0,0.0,0.0,0,0,0.1875,0,0.0,16.0,16.0,16.0,16.0,1.0,0.0,1.0,1.0,0.0,1.0,1.0,0.1875,0.1875,0.0,0.0
58.086305,TCP,Unknown,SF,27142.0,2229.0,0,1,0,0.0,0,0.0,0.0,0.0,0.0,0.0,0.0,0.0,0.0,0.0,0.0,0,1,0.1875,0,0.0,16.0,16.0,16.0,16.0,1.0,0.0,1.0,1.0,0.0,1.0,1.0,0.1875,0.1875,0.0,0.0
58.086305,TCP,Unknown,SF,27142.0,2229.0,0,1,0,0.0,0,0.0,0.0,0.0,0.0,0.0,0.0,0.0,0.0,0.0,0.0,0,1,0.1875,0,0.0,16.0,16.0,16.0,16.0,1.0,0.0,1.0,1.0,0.0,1.0,1.0,0.1875,0.1875,0.0,0.0
58.086305,TCP,Unknown,SF,27142.0,2229.0,0,1,0,0.0,0,0.0,0.0,0.0,0.0,0.0,0.0,0.0,0.0,0.0,0.0,0,1,0.1875,0,0.0,16.0,16.0,16.0,16.0,1.0,0.0,1.0,1.0,0.0,1.0,1.0,0.1875,0.1875,0.0,0.0
1.5639059999999958,TCP,Unknown,SF,7174.0,26981.0,0,1,0,0.0,0,0.0,0.0,0.0,0.0,0.0,0.0,0.0,0.0,0.0,0.0,0,0,0.03418803418803419,0,0.0,24.0,105.0,117.0,105.0,4.375,-3.375,0.8974358974358975,0.8974358974358975,0.10256410256410253,0.20512820512820512,0.8974358974358975,0.03418803418803419,0.0380952380952381,0.0,0.0
1.5639059999999958,TCP,Unknown,SF,7174.0,26981.0,0,1,0,0.0,0,0.0,0.0,0.0,0.0,0.0,0.0,0.0,0.0,0.0,0.0,0,0,0.03418803418803419,0,0.0,24.0,105.0,117.0,105.0,4.375,-3.375,0.8974358974358975,0.8974358974358975,0.10256410256410253,0.20512820512820512,0.8974358974358975,0.03418803418803419,0.0380952380952381,0.0,0.0
1.5639059999999958,TCP,Unknown,ACK,7174.0,26981.0,0,1,0,0.0,0,0.0,0.0,0.0,0.0,0.0,0.0,0.0,0.0,0.0,0.0,1,0,0.03418803418803419,0,0.0,24.0,105.0,117.0,105.0,4.375,-3.375,0.8974358974358975,0.8974358974358975,0.10256410256410253,0.20512820512820512,0.8974358974358975,0.03418803418803419,0.0380952380952381,0.0,0.0
1.5639059999999958,TCP,Unknown,SF,7174.0,26981.0,0,1,0,0.0,0,0.0,0.0,0.0,0.0,0.0,0.0,0.0,0.0,0.0,0.0,0,0,0.03418803418803419,0,0.0,24.0,105.0,117.0,105.0,4.375,-3.375,0.8974358974358975,0.8974358974358975,0.10256410256410253,0.20512820512820512,0.8974358974358975,0.03418803418803419,0.0380952380952381,0.0,0.0
58.086305,TCP,Unknown,ACK,27142.0,2649.0,0,1,0,0.0,0,0.0,0.0,0.0,0.0,0.0,0.0,0.0,0.0,0.0,0.0,1,0,0.043478260869565216,0,0.0,23.0,23.0,23.0,23.0,1.0,0.0,1.0,1.0,0.0,1.0,1.0,0.043478260869565216,0.043478260869565216,0.0,0.0
58.086305,TCP,Unknown,ACK,27142.0,2649.0,0,1,0,0.0,0,0.0,0.0,0.0,0.0,0.0,0.0,0.0,0.0,0.0,0.0,1,0,0.043478260869565216,0,0.0,23.0,23.0,23.0,23.0,1.0,0.0,1.0,1.0,0.0,1.0,1.0,0.043478260869565216,0.043478260869565216,0.0,0.0
58.086305,TCP,Unknown,SF,27142.0,2649.0,0,1,0,0.0,0,0.0,0.0,0.0,0.0,0.0,0.0,0.0,0.0,0.0,0.0,0,0,0.043478260869565216,0,0.0,23.0,23.0,23.0,23.0,1.0,0.0,1.0,1.0,0.0,1.0,1.0,0.043478260869565216,0.043478260869565216,0.0,0.0
1.245556999999998,TCP,Unknown,ACK,1598.0,26981.0,0,1,0,0.0,0,0.0,0.0,0.0,0.0,0.0,0.0,0.0,0.0,0.0,0.0,1,0,0.03418803418803419,0,0.0,13.0,105.0,117.0,105.0,8.076923076923077,-7.076923076923077,0.8974358974358975,0.8974358974358975,0.10256410256410253,0.1111111111111111,0.8974358974358975,0.03418803418803419,0.0380952380952381,0.0,0.0
1.245556999999998,TCP,Unknown,ACK,1598.0,26981.0,0,1,0,0.0,0,0.0,0.0,0.0,0.0,0.0,0.0,0.0,0.0,0.0,0.0,1,0,0.03418803418803419,0,0.0,13.0,105.0,117.0,105.0,8.076923076923077,-7.076923076923077,0.8974358974358975,0.8974358974358975,0.10256410256410253,0.1111111111111111,0.8974358974358975,0.03418803418803419,0.0380952380952381,0.0,0.0
1.245556999999998,TCP,Unknown,SF,1598.0,26981.0,0,1,0,0.0,0,0.0,0.0,0.0,0.0,0.0,0.0,0.0,0.0,0.0,0.0,0,0,0.03418803418803419,0,0.0,13.0,105.0,117.0,105.0,8.076923076923077,-7.076923076923077,0.8974358974358975,0.8974358974358975,0.10256410256410253,0.1111111111111111,0.8974358974358975,0.03418803418803419,0.0380952380952381,0.0,0.0
1.245556999999998,TCP,Unknown,SF,1598.0,26981.0,0,1,0,0.0,0,0.0,0.0,0.0,0.0,0.0,0.0,0.0,0.0,0.0,0.0,0,0,0.03418803418803419,0,0.0,13.0,105.0,117.0,105.0,8.076923076923077,-7.076923076923077,0.8974358974358975,0.8974358974358975,0.10256410256410253,0.1111111111111111,0.8974358974358975,0.03418803418803419,0.0380952380952381,0.0,0.0
1.245556999999998,TCP,Unknown,SF,1598.0,26981.0,0,1,0,0.0,0,0.0,0.0,0.0,0.0,0.0,0.0,0.0,0.0,0.0,0.0,0,0,0.03418803418803419,0,0.0,13.0,105.0,117.0,105.0,8.076923076923077,-7.076923076923077,0.8974358974358975,0.8974358974358975,0.10256410256410253,0.1111111111111111,0.8974358974358975,0.03418803418803419,0.0380952380952381,0.0,0.0
1.565565999999997,TCP,Unknown,SF,1507.0,26981.0,0,1,0,0.0,0,0.0,0.0,0.0,0.0,0.0,0.0,0.0,0.0,0.0,0.0,0,0,0.03418803418803419,0,0.0,11.0,105.0,117.0,105.0,9.545454545454545,-8.545454545454545,0.8974358974358975,0.8974358974358975,0.10256410256410253,0.09401709401709402,0.8974358974358975,0.03418803418803419,0.0380952380952381,0.0,0.0
1.245556999999998,TCP,Unknown,ACK,1598.0,26981.0,0,1,0,0.0,0,0.0,0.0,0.0,0.0,0.0,0.0,0.0,0.0,0.0,0.0,1,0,0.03418803418803419,0,0.0,13.0,105.0,117.0,105.0,8.076923076923077,-7.076923076923077,0.8974358974358975,0.8974358974358975,0.10256410256410253,0.1111111111111111,0.8974358974358975,0.03418803418803419,0.0380952380952381,0.0,0.0
1.8311860000000024,TCP,Unknown,SF,4980.0,26981.0,0,1,0,0.0,0,0.0,0.0,0.0,0.0,0.0,0.0,0.0,0.0,0.0,0.0,0,0,0.03418803418803419,0,0.0,19.0,105.0,117.0,105.0,5.526315789473684,-4.526315789473684,0.8974358974358975,0.8974358974358975,0.10256410256410253,0.1623931623931624,0.8974358974358975,0.03418803418803419,0.0380952380952381,0.0,0.0
1.5639059999999958,TCP,Unknown,SF,7174.0,26981.0,0,1,0,0.0,0,0.0,0.0,0.0,0.0,0.0,0.0,0.0,0.0,0.0,0.0,0,1,0.03418803418803419,0,0.0,24.0,105.0,117.0,105.0,4.375,-3.375,0.8974358974358975,0.8974358974358975,0.10256410256410253,0.20512820512820512,0.8974358974358975,0.03418803418803419,0.0380952380952381,0.0,0.0
1.5639059999999958,TCP,Unknown,SF,7174.0,26981.0,0,1,0,0.0,0,0.0,0.0,0.0,0.0,0.0,0.0,0.0,0.0,0.0,0.0,0,1,0.03418803418803419,0,0.0,24.0,105.0,117.0,105.0,4.375,-3.375,0.8974358974358975,0.8974358974358975,0.10256410256410253,0.20512820512820512,0.8974358974358975,0.03418803418803419,0.0380952380952381,0.0,0.0
1.245556999999998,TCP,Unknown,SF,1598.0,26981.0,0,1,0,0.0,0,0.0,0.0,0.0,0.0,0.0,0.0,0.0,0.0,0.0,0.0,0,1,0.03418803418803419,0,0.0,13.0,105.0,117.0,105.0,8.076923076923077,-7.076923076923077,0.8974358974358975,0.8974358974358975,0.10256410256410253,0.1111111111111111,0.8974358974358975,0.03418803418803419,0.0380952380952381,0.0,0.0
1.565565999999997,TCP,Unknown,SF,1507.0,26981.0,0,1,0,0.0,0,0.0,0.0,0.0,0.0,0.0,0.0,0.0,0.0,0.0,0.0,0,1,0.03418803418803419,0,0.0,11.0,105.0,117.0,105.0,9.545454545454545,-8.545454545454545,0.8974358974358975,0.8974358974358975,0.10256410256410253,0.09401709401709402,0.8974358974358975,0.03418803418803419,0.0380952380952381,0.0,0.0
58.086305,TCP,Unknown,ACK,27142.0,2229.0,0,1,0,0.0,0,0.0,0.0,0.0,0.0,0.0,0.0,0.0,0.0,0.0,0.0,1,0,0.1875,0,0.0,16.0,16.0,16.0,16.0,1.0,0.0,1.0,1.0,0.0,1.0,1.0,0.1875,0.1875,0.0,0.0
58.086305,TCP,Unknown,ACK,27142.0,2229.0,0,1,0,0.0,0,0.0,0.0,0.0,0.0,0.0,0.0,0.0,0.0,0.0,0.0,1,0,0.1875,0,0.0,16.0,16.0,16.0,16.0,1.0,0.0,1.0,1.0,0.0,1.0,1.0,0.1875,0.1875,0.0,0.0
58.086305,TCP,Unknown,ACK,27142.0,2229.0,0,1,0,0.0,0,0.0,0.0,0.0,0.0,0.0,0.0,0.0,0.0,0.0,0.0,1,0,0.1875,0,0.0,16.0,16.0,16.0,16.0,1.0,0.0,1.0,1.0,0.0,1.0,1.0,0.1875,0.1875,0.0,0.0
58.086305,TCP,Unknown,ACK,27142.0,2649.0,0,1,0,0.0,0,0.0,0.0,0.0,0.0,0.0,0.0,0.0,0.0,0.0,0.0,1,0,0.043478260869565216,0,0.0,23.0,23.0,23.0,23.0,1.0,0.0,1.0,1.0,0.0,1.0,1.0,0.043478260869565216,0.043478260869565216,0.0,0.0
58.086305,TCP,Unknown,ACK,27142.0,2649.0,0,1,0,0.0,0,0.0,0.0,0.0,0.0,0.0,0.0,0.0,0.0,0.0,0.0,1,0,0.043478260869565216,0,0.0,23.0,23.0,23.0,23.0,1.0,0.0,1.0,1.0,0.0,1.0,1.0,0.043478260869565216,0.043478260869565216,0.0,0.0
58.086305,TCP,Unknown,ACK,27142.0,2229.0,0,1,0,0.0,0,0.0,0.0,0.0,0.0,0.0,0.0,0.0,0.0,0.0,0.0,1,0,0.1875,0,0.0,16.0,16.0,16.0,16.0,1.0,0.0,1.0,1.0,0.0,1.0,1.0,0.1875,0.1875,0.0,0.0
58.086305,TCP,Unknown,ACK,27142.0,1372.0,0,1,0,0.0,0,0.0,0.0,0.0,0.0,0.0,0.0,0.0,0.0,0.0,0.0,1,0,0.0,0,0.0,10.0,10.0,10.0,10.0,1.0,0.0,1.0,1.0,0.0,1.0,1.0,0.0,0.0,0.0,0.0
58.086305,TCP,Unknown,ACK,27142.0,2193.0,0,1,0,0.0,0,0.0,0.0,0.0,0.0,0.0,0.0,0.0,0.0,0.0,0.0,1,0,0.1111111111111111,0,0.0,18.0,18.0,18.0,18.0,1.0,0.0,1.0,1.0,0.0,1.0,1.0,0.1111111111111111,0.1111111111111111,0.0,0.0
58.086305,TCP,Unknown,SF,27142.0,2193.0,0,1,0,0.0,0,0.0,0.0,0.0,0.0,0.0,0.0,0.0,0.0,0.0,0.0,0,0,0.1111111111111111,0,0.0,18.0,18.0,18.0,18.0,1.0,0.0,1.0,1.0,0.0,1.0,1.0,0.1111111111111111,0.1111111111111111,0.0,0.0
58.086305,TCP,Unknown,SF,27142.0,1372.0,0,1,0,0.0,0,0.0,0.0,0.0,0.0,0.0,0.0,0.0,0.0,0.0,0.0,0,0,0.0,0,0.0,10.0,10.0,10.0,10.0,1.0,0.0,1.0,1.0,0.0,1.0,1.0,0.0,0.0,0.0,0.0
58.086305,TCP,Unknown,SF,27142.0,2649.0,0,1,0,0.0,0,0.0,0.0,0.0,0.0,0.0,0.0,0.0,0.0,0.0,0.0,0,0,0.043478260869565216,0,0.0,23.0,23.0,23.0,23.0,1.0,0.0,1.0,1.0,0.0,1.0,1.0,0.043478260869565216,0.043478260869565216,0.0,0.0
1.245556999999998,TCP,Unknown,ACK,1598.0,26981.0,0,1,0,0.0,0,0.0,0.0,0.0,0.0,0.0,0.0,0.0,0.0,0.0,0.0,1,0,0.03418803418803419,0,0.0,13.0,105.0,117.0,105.0,8.076923076923077,-7.076923076923077,0.8974358974358975,0.8974358974358975,0.10256410256410253,0.1111111111111111,0.8974358974358975,0.03418803418803419,0.0380952380952381,0.0,0.0
1.5639059999999958,TCP,Unknown,ACK,7174.0,26981.0,0,1,0,0.0,0,0.0,0.0,0.0,0.0,0.0,0.0,0.0,0.0,0.0,0.0,1,0,0.03418803418803419,0,0.0,24.0,105.0,117.0,105.0,4.375,-3.375,0.8974358974358975,0.8974358974358975,0.10256410256410253,0.20512820512820512,0.8974358974358975,0.03418803418803419,0.0380952380952381,0.0,0.0
1.565565999999997,TCP,Unknown,ACK,1507.0,26981.0,0,1,0,0.0,0,0.0,0.0,0.0,0.0,0.0,0.0,0.0,0.0,0.0,0.0,1,0,0.03418803418803419,0,0.0,11.0,105.0,117.0,105.0,9.545454545454545,-8.545454545454545,0.8974358974358975,0.8974358974358975,0.10256410256410253,0.09401709401709402,0.8974358974358975,0.03418803418803419,0.0380952380952381,0.0,0.0
1.8311860000000024,TCP,Unknown,ACK,4980.0,26981.0,0,1,0,0.0,0,0.0,0.0,0.0,0.0,0.0,0.0,0.0,0.0,0.0,0.0,1,0,0.03418803418803419,0,0.0,19.0,105.0,117.0,105.0,5.526315789473684,-4.526315789473684,0.8974358974358975,0.8974358974358975,0.10256410256410253,0.1623931623931624,0.8974358974358975,0.03418803418803419,0.0380952380952381,0.0,0.0
1.5639059999999958,TCP,Unknown,ACK,7174.0,26981.0,0,1,0,0.0,0,0.0,0.0,0.0,0.0,0.0,0.0,0.0,0.0,0.0,0.0,1,0,0.03418803418803419,0,0.0,24.0,105.0,117.0,105.0,4.375,-3.375,0.8974358974358975,0.8974358974358975,0.10256410256410253,0.20512820512820512,0.8974358974358975,0.03418803418803419,0.0380952380952381,0.0,0.0
58.086305,TCP,Unknown,SF,27142.0,2649.0,0,1,0,0.0,0,0.0,0.0,0.0,0.0,0.0,0.0,0.0,0.0,0.0,0.0,0,0,0.043478260869565216,0,0.0,23.0,23.0,23.0,23.0,1.0,0.0,1.0,1.0,0.0,1.0,1.0,0.043478260869565216,0.043478260869565216,0.0,0.0
58.086305,TCP,Unknown,SF,27142.0,2649.0,0,1,0,0.0,0,0.0,0.0,0.0,0.0,0.0,0.0,0.0,0.0,0.0,0.0,0,0,0.043478260869565216,0,0.0,23.0,23.0,23.0,23.0,1.0,0.0,1.0,1.0,0.0,1.0,1.0,0.043478260869565216,0.043478260869565216,0.0,0.0
58.086305,TCP,Unknown,SF,27142.0,2649.0,0,1,0,0.0,0,0.0,0.0,0.0,0.0,0.0,0.0,0.0,0.0,0.0,0.0,0,0,0.043478260869565216,0,0.0,23.0,23.0,23.0,23.0,1.0,0.0,1.0,1.0,0.0,1.0,1.0,0.043478260869565216,0.043478260869565216,0.0,0.0
58.086305,TCP,Unknown,SF,27142.0,1372.0,0,1,0,0.0,0,0.0,0.0,0.0,0.0,0.0,0.0,0.0,0.0,0.0,0.0,0,0,0.0,0,0.0,10.0,10.0,10.0,10.0,1.0,0.0,1.0,1.0,0.0,1.0,1.0,0.0,0.0,0.0,0.0
58.086305,TCP,Unknown,SF,27142.0,2193.0,0,1,0,0.0,0,0.0,0.0,0.0,0.0,0.0,0.0,0.0,0.0,0.0,0.0,0,0,0.1111111111111111,0,0.0,18.0,18.0,18.0,18.0,1.0,0.0,1.0,1.0,0.0,1.0,1.0,0.1111111111111111,0.1111111111111111,0.0,0.0
58.086305,TCP,Unknown,SF,27142.0,2649.0,0,1,0,0.0,0,0.0,0.0,0.0,0.0,0.0,0.0,0.0,0.0,0.0,0.0,0,0,0.043478260869565216,0,0.0,23.0,23.0,23.0,23.0,1.0,0.0,1.0,1.0,0.0,1.0,1.0,0.043478260869565216,0.043478260869565216,0.0,0.0
58.086305,TCP,Unknown,SF,27142.0,1372.0,0,1,0,0.0,0,0.0,0.0,0.0,0.0,0.0,0.0,0.0,0.0,0.0,0.0,0,0,0.0,0,0.0,10.0,10.0,10.0,10.0,1.0,0.0,1.0,1.0,0.0,1.0,1.0,0.0,0.0,0.0,0.0
58.086305,TCP,Unknown,SF,27142.0,2193.0,0,1,0,0.0,0,0.0,0.0,0.0,0.0,0.0,0.0,0.0,0.0,0.0,0.0,0,0,0.1111111111111111,0,0.0,18.0,18.0,18.0,18.0,1.0,0.0,1.0,1.0,0.0,1.0,1.0,0.1111111111111111,0.1111111111111111,0.0,0.0
1.5639059999999958,TCP,Unknown,ACK,7174.0,26981.0,0,1,0,0.0,0,0.0,0.0,0.0,0.0,0.0,0.0,0.0,0.0,0.0,0.0,1,0,0.03418803418803419,0,0.0,24.0,105.0,117.0,105.0,4.375,-3.375,0.8974358974358975,0.8974358974358975,0.10256410256410253,0.20512820512820512,0.8974358974358975,0.03418803418803419,0.0380952380952381,0.0,0.0
1.5639059999999958,TCP,Unknown,ACK,7174.0,26981.0,0,1,0,0.0,0,0.0,0.0,0.0,0.0,0.0,0.0,0.0,0.0,0.0,0.0,1,0,0.03418803418803419,0,0.0,24.0,105.0,117.0,105.0,4.375,-3.375,0.8974358974358975,0.8974358974358975,0.10256410256410253,0.20512820512820512,0.8974358974358975,0.03418803418803419,0.0380952380952381,0.0,0.0
1.5639059999999958,TCP,Unknown,ACK,7174.0,26981.0,0,1,0,0.0,0,0.0,0.0,0.0,0.0,0.0,0.0,0.0,0.0,0.0,0.0,1,0,0.03418803418803419,0,0.0,24.0,105.0,117.0,105.0,4.375,-3.375,0.8974358974358975,0.8974358974358975,0.10256410256410253,0.20512820512820512,0.8974358974358975,0.03418803418803419,0.0380952380952381,0.0,0.0
1.565565999999997,TCP,Unknown,ACK,1507.0,26981.0,0,1,0,0.0,0,0.0,0.0,0.0,0.0,0.0,0.0,0.0,0.0,0.0,0.0,1,0,0.03418803418803419,0,0.0,11.0,105.0,117.0,105.0,9.545454545454545,-8.545454545454545,0.8974358974358975,0.8974358974358975,0.10256410256410253,0.09401709401709402,0.8974358974358975,0.03418803418803419,0.0380952380952381,0.0,0.0
1.8311860000000024,TCP,Unknown,ACK,4980.0,26981.0,0,1,0,0.0,0,0.0,0.0,0.0,0.0,0.0,0.0,0.0,0.0,0.0,0.0,1,0,0.03418803418803419,0,0.0,19.0,105.0,117.0,105.0,5.526315789473684,-4.526315789473684,0.8974358974358975,0.8974358974358975,0.10256410256410253,0.1623931623931624,0.8974358974358975,0.03418803418803419,0.0380952380952381,0.0,0.0
1.5639059999999958,TCP,Unknown,ACK,7174.0,26981.0,0,1,0,0.0,0,0.0,0.0,0.0,0.0,0.0,0.0,0.0,0.0,0.0,0.0,1,0,0.03418803418803419,0,0.0,24.0,105.0,117.0,105.0,4.375,-3.375,0.8974358974358975,0.8974358974358975,0.10256410256410253,0.20512820512820512,0.8974358974358975,0.03418803418803419,0.0380952380952381,0.0,0.0
1.8311860000000024,TCP,Unknown,ACK,4980.0,26981.0,0,1,0,0.0,0,0.0,0.0,0.0,0.0,0.0,0.0,0.0,0.0,0.0,0.0,1,0,0.03418803418803419,0,0.0,19.0,105.0,117.0,105.0,5.526315789473684,-4.526315789473684,0.8974358974358975,0.8974358974358975,0.10256410256410253,0.1623931623931624,0.8974358974358975,0.03418803418803419,0.0380952380952381,0.0,0.0
1.565565999999997,TCP,Unknown,ACK,1507.0,26981.0,0,1,0,0.0,0,0.0,0.0,0.0,0.0,0.0,0.0,0.0,0.0,0.0,0.0,1,0,0.03418803418803419,0,0.0,11.0,105.0,117.0,105.0,9.545454545454545,-8.545454545454545,0.8974358974358975,0.8974358974358975,0.10256410256410253,0.09401709401709402,0.8974358974358975,0.03418803418803419,0.0380952380952381,0.0,0.0
1.8311860000000024,TCP,Unknown,SF,4980.0,26981.0,0,1,0,0.0,0,0.0,0.0,0.0,0.0,0.0,0.0,0.0,0.0,0.0,0.0,0,0,0.03418803418803419,0,0.0,19.0,105.0,117.0,105.0,5.526315789473684,-4.526315789473684,0.8974358974358975,0.8974358974358975,0.10256410256410253,0.1623931623931624,0.8974358974358975,0.03418803418803419,0.0380952380952381,0.0,0.0
1.8311860000000024,TCP,Unknown,SF,4980.0,26981.0,0,1,0,0.0,0,0.0,0.0,0.0,0.0,0.0,0.0,0.0,0.0,0.0,0.0,0,0,0.03418803418803419,0,0.0,19.0,105.0,117.0,105.0,5.526315789473684,-4.526315789473684,0.8974358974358975,0.8974358974358975,0.10256410256410253,0.1623931623931624,0.8974358974358975,0.03418803418803419,0.0380952380952381,0.0,0.0
58.086305,TCP,Unknown,ACK,27142.0,2193.0,0,1,0,0.0,0,0.0,0.0,0.0,0.0,0.0,0.0,0.0,0.0,0.0,0.0,1,0,0.1111111111111111,0,0.0,18.0,18.0,18.0,18.0,1.0,0.0,1.0,1.0,0.0,1.0,1.0,0.1111111111111111,0.1111111111111111,0.0,0.0
58.086305,TCP,Unknown,SF,27142.0,2193.0,0,1,0,0.0,0,0.0,0.0,0.0,0.0,0.0,0.0,0.0,0.0,0.0,0.0,0,0,0.1111111111111111,0,0.0,18.0,18.0,18.0,18.0,1.0,0.0,1.0,1.0,0.0,1.0,1.0,0.1111111111111111,0.1111111111111111,0.0,0.0
1.5639059999999958,TCP,Unknown,SF,7174.0,26981.0,0,1,0,0.0,0,0.0,0.0,0.0,0.0,0.0,0.0,0.0,0.0,0.0,0.0,0,0,0.03418803418803419,0,0.0,24.0,105.0,117.0,105.0,4.375,-3.375,0.8974358974358975,0.8974358974358975,0.10256410256410253,0.20512820512820512,0.8974358974358975,0.03418803418803419,0.0380952380952381,0.0,0.0
1.5639059999999958,TCP,Unknown,SF,7174.0,26981.0,0,1,0,0.0,0,0.0,0.0,0.0,0.0,0.0,0.0,0.0,0.0,0.0,0.0,0,0,0.03418803418803419,0,0.0,24.0,105.0,117.0,105.0,4.375,-3.375,0.8974358974358975,0.8974358974358975,0.10256410256410253,0.20512820512820512,0.8974358974358975,0.03418803418803419,0.0380952380952381,0.0,0.0
58.086305,TCP,Unknown,ACK,27142.0,2649.0,0,1,0,0.0,0,0.0,0.0,0.0,0.0,0.0,0.0,0.0,0.0,0.0,0.0,1,0,0.043478260869565216,0,0.0,23.0,23.0,23.0,23.0,1.0,0.0,1.0,1.0,0.0,1.0,1.0,0.043478260869565216,0.043478260869565216,0.0,0.0
58.086305,TCP,Unknown,SF,27142.0,2649.0,0,1,0,0.0,0,0.0,0.0,0.0,0.0,0.0,0.0,0.0,0.0,0.0,0.0,0,0,0.043478260869565216,0,0.0,23.0,23.0,23.0,23.0,1.0,0.0,1.0,1.0,0.0,1.0,1.0,0.043478260869565216,0.043478260869565216,0.0,0.0
58.086305,TCP,Unknown,SF,27142.0,2193.0,0,1,0,0.0,0,0.0,0.0,0.0,0.0,0.0,0.0,0.0,0.0,0.0,0.0,0,1,0.1111111111111111,0,0.0,18.0,18.0,18.0,18.0,1.0,0.0,1.0,1.0,0.0,1.0,1.0,0.1111111111111111,0.1111111111111111,0.0,0.0
58.086305,TCP,Unknown,SF,27142.0,2649.0,0,1,0,0.0,0,0.0,0.0,0.0,0.0,0.0,0.0,0.0,0.0,0.0,0.0,0,1,0.043478260869565216,0,0.0,23.0,23.0,23.0,23.0,1.0,0.0,1.0,1.0,0.0,1.0,1.0,0.043478260869565216,0.043478260869565216,0.0,0.0
1.5639059999999958,TCP,Unknown,SF,7174.0,26981.0,0,1,0,0.0,0,0.0,0.0,0.0,0.0,0.0,0.0,0.0,0.0,0.0,0.0,0,0,0.03418803418803419,0,0.0,24.0,105.0,117.0,105.0,4.375,-3.375,0.8974358974358975,0.8974358974358975,0.10256410256410253,0.20512820512820512,0.8974358974358975,0.03418803418803419,0.0380952380952381,0.0,0.0
1.5639059999999958,TCP,Unknown,SF,7174.0,26981.0,0,1,0,0.0,0,0.0,0.0,0.0,0.0,0.0,0.0,0.0,0.0,0.0,0.0,0,0,0.03418803418803419,0,0.0,24.0,105.0,117.0,105.0,4.375,-3.375,0.8974358974358975,0.8974358974358975,0.10256410256410253,0.20512820512820512,0.8974358974358975,0.03418803418803419,0.0380952380952381,0.0,0.0
1.8311860000000024,TCP,Unknown,SF,4980.0,26981.0,0,1,0,0.0,0,0.0,0.0,0.0,0.0,0.0,0.0,0.0,0.0,0.0,0.0,0,0,0.03418803418803419,0,0.0,19.0,105.0,117.0,105.0,5.526315789473684,-4.526315789473684,0.8974358974358975,0.8974358974358975,0.10256410256410253,0.1623931623931624,0.8974358974358975,0.03418803418803419,0.0380952380952381,0.0,0.0
1.8311860000000024,TCP,Unknown,SF,4980.0,26981.0,0,1,0,0.0,0,0.0,0.0,0.0,0.0,0.0,0.0,0.0,0.0,0.0,0.0,0,0,0.03418803418803419,0,0.0,19.0,105.0,117.0,105.0,5.526315789473684,-4.526315789473684,0.8974358974358975,0.8974358974358975,0.10256410256410253,0.1623931623931624,0.8974358974358975,0.03418803418803419,0.0380952380952381,0.0,0.0
58.086305,TCP,Unknown,ACK,27142.0,2649.0,0,1,0,0.0,0,0.0,0.0,0.0,0.0,0.0,0.0,0.0,0.0,0.0,0.0,1,0,0.043478260869565216,0,0.0,23.0,23.0,23.0,23.0,1.0,0.0,1.0,1.0,0.0,1.0,1.0,0.043478260869565216,0.043478260869565216,0.0,0.0
58.086305,TCP,Unknown,ACK,27142.0,2193.0,0,1,0,0.0,0,0.0,0.0,0.0,0.0,0.0,0.0,0.0,0.0,0.0,0.0,1,0,0.1111111111111111,0,0.0,18.0,18.0,18.0,18.0,1.0,0.0,1.0,1.0,0.0,1.0,1.0,0.1111111111111111,0.1111111111111111,0.0,0.0
58.086305,TCP,Unknown,SF,27142.0,2649.0,0,1,0,0.0,0,0.0,0.0,0.0,0.0,0.0,0.0,0.0,0.0,0.0,0.0,0,0,0.043478260869565216,0,0.0,23.0,23.0,23.0,23.0,1.0,0.0,1.0,1.0,0.0,1.0,1.0,0.043478260869565216,0.043478260869565216,0.0,0.0
1.8311860000000024,TCP,Unknown,SF,4980.0,26981.0,0,1,0,0.0,0,0.0,0.0,0.0,0.0,0.0,0.0,0.0,0.0,0.0,0.0,0,0,0.03418803418803419,0,0.0,19.0,105.0,117.0,105.0,5.526315789473684,-4.526315789473684,0.8974358974358975,0.8974358974358975,0.10256410256410253,0.1623931623931624,0.8974358974358975,0.03418803418803419,0.0380952380952381,0.0,0.0
1.565565999999997,TCP,Unknown,SF,1507.0,26981.0,0,1,0,0.0,0,0.0,0.0,0.0,0.0,0.0,0.0,0.0,0.0,0.0,0.0,0,0,0.03418803418803419,0,0.0,11.0,105.0,117.0,105.0,9.545454545454545,-8.545454545454545,0.8974358974358975,0.8974358974358975,0.10256410256410253,0.09401709401709402,0.8974358974358975,0.03418803418803419,0.0380952380952381,0.0,0.0
1.565565999999997,TCP,Unknown,SF,1507.0,26981.0,0,1,0,0.0,0,0.0,0.0,0.0,0.0,0.0,0.0,0.0,0.0,0.0,0.0,0,0,0.03418803418803419,0,0.0,11.0,105.0,117.0,105.0,9.545454545454545,-8.545454545454545,0.8974358974358975,0.8974358974358975,0.10256410256410253,0.09401709401709402,0.8974358974358975,0.03418803418803419,0.0380952380952381,0.0,0.0
1.8311860000000024,TCP,Unknown,ACK,4980.0,26981.0,0,1,0,0.0,0,0.0,0.0,0.0,0.0,0.0,0.0,0.0,0.0,0.0,0.0,1,0,0.03418803418803419,0,0.0,19.0,105.0,117.0,105.0,5.526315789473684,-4.526315789473684,0.8974358974358975,0.8974358974358975,0.10256410256410253,0.1623931623931624,0.8974358974358975,0.03418803418803419,0.0380952380952381,0.0,0.0
58.086305,TCP,Unknown,ACK,27142.0,1372.0,0,1,0,0.0,0,0.0,0.0,0.0,0.0,0.0,0.0,0.0,0.0,0.0,0.0,1,0,0.0,0,0.0,10.0,10.0,10.0,10.0,1.0,0.0,1.0,1.0,0.0,1.0,1.0,0.0,0.0,0.0,0.0
58.086305,TCP,Unknown,ACK,27142.0,2193.0,0,1,0,0.0,0,0.0,0.0,0.0,0.0,0.0,0.0,0.0,0.0,0.0,0.0,1,0,0.1111111111111111,0,0.0,18.0,18.0,18.0,18.0,1.0,0.0,1.0,1.0,0.0,1.0,1.0,0.1111111111111111,0.1111111111111111,0.0,0.0
1.5639059999999958,TCP,Unknown,SF,7174.0,26981.0,0,1,0,0.0,0,0.0,0.0,0.0,0.0,0.0,0.0,0.0,0.0,0.0,0.0,0,0,0.03418803418803419,0,0.0,24.0,105.0,117.0,105.0,4.375,-3.375,0.8974358974358975,0.8974358974358975,0.10256410256410253,0.20512820512820512,0.8974358974358975,0.03418803418803419,0.0380952380952381,0.0,0.0
1.5639059999999958,TCP,Unknown,ACK,7174.0,26981.0,0,1,0,0.0,0,0.0,0.0,0.0,0.0,0.0,0.0,0.0,0.0,0.0,0.0,1,0,0.03418803418803419,0,0.0,24.0,105.0,117.0,105.0,4.375,-3.375,0.8974358974358975,0.8974358974358975,0.10256410256410253,0.20512820512820512,0.8974358974358975,0.03418803418803419,0.0380952380952381,0.0,0.0
58.086305,TCP,Unknown,ACK,27142.0,2649.0,0,1,0,0.0,0,0.0,0.0,0.0,0.0,0.0,0.0,0.0,0.0,0.0,0.0,1,0,0.043478260869565216,0,0.0,23.0,23.0,23.0,23.0,1.0,0.0,1.0,1.0,0.0,1.0,1.0,0.043478260869565216,0.043478260869565216,0.0,0.0
58.086305,TCP,Unknown,SF,27142.0,1372.0,0,1,0,0.0,0,0.0,0.0,0.0,0.0,0.0,0.0,0.0,0.0,0.0,0.0,0,0,0.0,0,0.0,10.0,10.0,10.0,10.0,1.0,0.0,1.0,1.0,0.0,1.0,1.0,0.0,0.0,0.0,0.0
1.5639059999999958,TCP,Unknown,SF,7174.0,26981.0,0,1,0,0.0,0,0.0,0.0,0.0,0.0,0.0,0.0,0.0,0.0,0.0,0.0,0,0,0.03418803418803419,0,0.0,24.0,105.0,117.0,105.0,4.375,-3.375,0.8974358974358975,0.8974358974358975,0.10256410256410253,0.20512820512820512,0.8974358974358975,0.03418803418803419,0.0380952380952381,0.0,0.0
1.8311860000000024,TCP,Unknown,SF,4980.0,26981.0,0,1,0,0.0,0,0.0,0.0,0.0,0.0,0.0,0.0,0.0,0.0,0.0,0.0,0,0,0.03418803418803419,0,0.0,19.0,105.0,117.0,105.0,5.526315789473684,-4.526315789473684,0.8974358974358975,0.8974358974358975,0.10256410256410253,0.1623931623931624,0.8974358974358975,0.03418803418803419,0.0380952380952381,0.0,0.0
58.086305,TCP,Unknown,ACK,27142.0,2649.0,0,1,0,0.0,0,0.0,0.0,0.0,0.0,0.0,0.0,0.0,0.0,0.0,0.0,1,0,0.043478260869565216,0,0.0,23.0,23.0,23.0,23.0,1.0,0.0,1.0,1.0,0.0,1.0,1.0,0.043478260869565216,0.043478260869565216,0.0,0.0
58.086305,TCP,Unknown,ACK,27142.0,2193.0,0,1,0,0.0,0,0.0,0.0,0.0,0.0,0.0,0.0,0.0,0.0,0.0,0.0,1,0,0.1111111111111111,0,0.0,18.0,18.0,18.0,18.0,1.0,0.0,1.0,1.0,0.0,1.0,1.0,0.1111111111111111,0.1111111111111111,0.0,0.0
1.5639059999999958,TCP,Unknown,ACK,7174.0,26981.0,0,1,0,0.0,0,0.0,0.0,0.0,0.0,0.0,0.0,0.0,0.0,0.0,0.0,1,0,0.03418803418803419,0,0.0,24.0,105.0,117.0,105.0,4.375,-3.375,0.8974358974358975,0.8974358974358975,0.10256410256410253,0.20512820512820512,0.8974358974358975,0.03418803418803419,0.0380952380952381,0.0,0.0
1.565565999999997,TCP,Unknown,SF,1507.0,26981.0,0,1,0,0.0,0,0.0,0.0,0.0,0.0,0.0,0.0,0.0,0.0,0.0,0.0,0,0,0.03418803418803419,0,0.0,11.0,105.0,117.0,105.0,9.545454545454545,-8.545454545454545,0.8974358974358975,0.8974358974358975,0.10256410256410253,0.09401709401709402,0.8974358974358975,0.03418803418803419,0.0380952380952381,0.0,0.0
58.086305,TCP,Unknown,ACK,27142.0,1372.0,0,1,0,0.0,0,0.0,0.0,0.0,0.0,0.0,0.0,0.0,0.0,0.0,0.0,1,0,0.0,0,0.0,10.0,10.0,10.0,10.0,1.0,0.0,1.0,1.0,0.0,1.0,1.0,0.0,0.0,0.0,0.0
1.565565999999997,TCP,Unknown,ACK,1507.0,26981.0,0,1,0,0.0,0,0.0,0.0,0.0,0.0,0.0,0.0,0.0,0.0,0.0,0.0,1,0,0.03418803418803419,0,0.0,11.0,105.0,117.0,105.0,9.545454545454545,-8.545454545454545,0.8974358974358975,0.8974358974358975,0.10256410256410253,0.09401709401709402,0.8974358974358975,0.03418803418803419,0.0380952380952381,0.0,0.0
58.086305,TCP,Unknown,SF,27142.0,2193.0,0,1,0,0.0,0,0.0,0.0,0.0,0.0,0.0,0.0,0.0,0.0,0.0,0.0,0,0,0.1111111111111111,0,0.0,18.0,18.0,18.0,18.0,1.0,0.0,1.0,1.0,0.0,1.0,1.0,0.1111111111111111,0.1111111111111111,0.0,0.0
58.086305,TCP,Unknown,SF,27142.0,2193.0,0,1,0,0.0,0,0.0,0.0,0.0,0.0,0.0,0.0,0.0,0.0,0.0,0.0,0,1,0.1111111111111111,0,0.0,18.0,18.0,18.0,18.0,1.0,0.0,1.0,1.0,0.0,1.0,1.0,0.1111111111111111,0.1111111111111111,0.0,0.0
1.8311860000000024,TCP,Unknown,ACK,4980.0,26981.0,0,1,0,0.0,0,0.0,0.0,0.0,0.0,0.0,0.0,0.0,0.0,0.0,0.0,1,0,0.03418803418803419,0,0.0,19.0,105.0,117.0,105.0,5.526315789473684,-4.526315789473684,0.8974358974358975,0.8974358974358975,0.10256410256410253,0.1623931623931624,0.8974358974358975,0.03418803418803419,0.0380952380952381,0.0,0.0
1.8311860000000024,TCP,Unknown,SF,4980.0,26981.0,0,1,0,0.0,0,0.0,0.0,0.0,0.0,0.0,0.0,0.0,0.0,0.0,0.0,0,0,0.03418803418803419,0,0.0,19.0,105.0,117.0,105.0,5.526315789473684,-4.526315789473684,0.8974358974358975,0.8974358974358975,0.10256410256410253,0.1623931623931624,0.8974358974358975,0.03418803418803419,0.0380952380952381,0.0,0.0
58.086305,TCP,Unknown,ACK,27142.0,2193.0,0,1,0,0.0,0,0.0,0.0,0.0,0.0,0.0,0.0,0.0,0.0,0.0,0.0,1,0,0.1111111111111111,0,0.0,18.0,18.0,18.0,18.0,1.0,0.0,1.0,1.0,0.0,1.0,1.0,0.1111111111111111,0.1111111111111111,0.0,0.0
1.8311860000000024,TCP,Unknown,ACK,4980.0,26981.0,0,1,0,0.0,0,0.0,0.0,0.0,0.0,0.0,0.0,0.0,0.0,0.0,0.0,1,0,0.03418803418803419,0,0.0,19.0,105.0,117.0,105.0,5.526315789473684,-4.526315789473684,0.8974358974358975,0.8974358974358975,0.10256410256410253,0.1623931623931624,0.8974358974358975,0.03418803418803419,0.0380952380952381,0.0,0.0
1.8311860000000024,TCP,Unknown,SF,4980.0,26981.0,0,1,0,0.0,0,0.0,0.0,0.0,0.0,0.0,0.0,0.0,0.0,0.0,0.0,0,0,0.03418803418803419,0,0.0,19.0,105.0,117.0,105.0,5.526315789473684,-4.526315789473684,0.8974358974358975,0.8974358974358975,0.10256410256410253,0.1623931623931624,0.8974358974358975,0.03418803418803419,0.0380952380952381,0.0,0.0
1.8311860000000024,TCP,Unknown,SF,4980.0,26981.0,0,1,0,0.0,0,0.0,0.0,0.0,0.0,0.0,0.0,0.0,0.0,0.0,0.0,0,0,0.03418803418803419,0,0.0,19.0,105.0,117.0,105.0,5.526315789473684,-4.526315789473684,0.8974358974358975,0.8974358974358975,0.10256410256410253,0.1623931623931624,0.8974358974358975,0.03418803418803419,0.0380952380952381,0.0,0.0
58.086305,TCP,Unknown,ACK,27142.0,2193.0,0,1,0,0.0,0,0.0,0.0,0.0,0.0,0.0,0.0,0.0,0.0,0.0,0.0,1,0,0.1111111111111111,0,0.0,18.0,18.0,18.0,18.0,1.0,0.0,1.0,1.0,0.0,1.0,1.0,0.1111111111111111,0.1111111111111111,0.0,0.0
1.8311860000000024,TCP,Unknown,SF,4980.0,26981.0,0,1,0,0.0,0,0.0,0.0,0.0,0.0,0.0,0.0,0.0,0.0,0.0,0.0,0,0,0.03418803418803419,0,0.0,19.0,105.0,117.0,105.0,5.526315789473684,-4.526315789473684,0.8974358974358975,0.8974358974358975,0.10256410256410253,0.1623931623931624,0.8974358974358975,0.03418803418803419,0.0380952380952381,0.0,0.0
58.086305,TCP,Unknown,ACK,27142.0,2193.0,0,1,0,0.0,0,0.0,0.0,0.0,0.0,0.0,0.0,0.0,0.0,0.0,0.0,1,0,0.1111111111111111,0,0.0,18.0,18.0,18.0,18.0,1.0,0.0,1.0,1.0,0.0,1.0,1.0,0.1111111111111111,0.1111111111111111,0.0,0.0
0.0,UDP,Unknown,S0,82.0,3195.0,0,1,0,0.0,0,0.0,0.0,0.0,0.0,0.0,0.0,0.0,0.0,0.0,0.0,0,0,0.0,0,0.0,1.0,27.0,27.0,27.0,27.0,-26.0,1.0,1.0,0.0,0.037037037037037035,1.0,0.0,0.0,0.0,0.0
58.086305,TCP,Unknown,ACK,27142.0,55.0,0,1,0,0.0,0,0.0,0.0,0.0,0.0,0.0,0.0,0.0,0.0,0.0,0.0,1,0,0.0,0,0.0,1.0,1.0,1.0,1.0,1.0,0.0,1.0,1.0,0.0,1.0,1.0,0.0,0.0,0.0,0.0
0.0,TCP,Unknown,ACK,66.0,26981.0,0,1,0,0.0,0,0.0,0.0,0.0,0.0,0.0,0.0,0.0,0.0,0.0,0.0,1,0,0.03418803418803419,0,0.0,1.0,105.0,117.0,105.0,105.0,-104.0,0.8974358974358975,0.8974358974358975,0.10256410256410253,0.008547008547008548,0.8974358974358975,0.03418803418803419,0.0380952380952381,0.0,0.0
50.791822,UDP,Unknown,S0,4208.0,8018.0,0,0,0,0.0,0,0.0,0.0,0.0,0.0,0.0,0.0,0.0,0.0,0.0,0.0,0,0,0.0,0,0.0,12.0,29.0,29.0,29.0,2.4166666666666665,-1.4166666666666665,1.0,1.0,0.0,0.41379310344827586,1.0,0.0,0.0,0.0,0.0
0.0,Unknown,Unknown,S0,0.0,0.0,0,0,0,0.0,0,0.0,0.0,0.0,0.0,0.0,0.0,0.0,0.0,0.0,0.0,0,0,0.0,0,0.0,0.0,0.0,0.0,0.0,0.0,1.0,0.0,0.0,1.0,0.0,0.0,0.0,0.0,0.0,0.0
58.086305,TCP,Unknown,ACK,27142.0,55.0,0,1,0,0.0,0,0.0,0.0,0.0,0.0,0.0,0.0,0.0,0.0,0.0,0.0,1,0,0.0,0,0.0,1.0,1.0,1.0,1.0,1.0,0.0,1.0,1.0,0.0,1.0,1.0,0.0,0.0,0.0,0.0
58.086305,UDP,Unknown,S0,27142.0,430.0,0,0,0,0.0,0,0.0,0.0,0.0,0.0,0.0,0.0,0.0,0.0,0.0,0.0,0,0,0.0,0,0.0,5.0,5.0,5.0,5.0,1.0,0.0,1.0,1.0,0.0,1.0,1.0,0.0,0.0,0.0,0.0
0.0,TCP,Unknown,ACK,66.0,26981.0,0,0,0,0.0,0,0.0,0.0,0.0,0.0,0.0,0.0,0.0,0.0,0.0,0.0,1,0,0.03418803418803419,0,0.0,1.0,7.0,117.0,7.0,7.0,-6.0,0.05982905982905983,0.05982905982905983,0.9401709401709402,0.008547008547008548,0.05982905982905983,0.03418803418803419,0.0,0.0,0.0
39.731913,UDP,Unknown,S0,1093.0,26981.0,0,1,0,0.0,0,0.0,0.0,0.0,0.0,0.0,0.0,0.0,0.0,0.0,0.0,0,0,0.03418803418803419,0,0.0,5.0,5.0,117.0,5.0,1.0,0.0,0.042735042735042736,0.042735042735042736,0.9572649572649573,0.042735042735042736,0.042735042735042736,0.03418803418803419,0.0,0.0,0.0
58.086305,TCP,Unknown,S1,27142.0,1259.0,0,1,0,0.0,0,0.0,0.0,0.0,0.0,0.0,0.0,0.0,0.0,0.0,0.0,0,0,0.0,0,0.0,12.0,12.0,12.0,12.0,1.0,0.0,1.0,1.0,0.0,1.0,1.0,0.0,0.0,0.0,0.0
0.304628000000001,TCP,Unknown,S2,5565.0,26981.0,0,1,0,0.0,0,0.0,0.0,0.0,0.0,0.0,0.0,0.0,0.0,0.0,0.0,0,0,0.03418803418803419,0,0.0,15.0,105.0,117.0,105.0,7.0,-6.0,0.8974358974358975,0.8974358974358975,0.10256410256410253,0.1282051282051282,0.8974358974358975,0.03418803418803419,0.0380952380952381,0.0,0.0
58.086305,TCP,Unknown,ACK,27142.0,1259.0,0,1,0,0.0,0,0.0,0.0,0.0,0.0,0.0,0.0,0.0,0.0,0.0,0.0,1,0,0.0,0,0.0,12.0,12.0,12.0,12.0,1.0,0.0,1.0,1.0,0.0,1.0,1.0,0.0,0.0,0.0,0.0
58.086305,TCP,Unknown,SF,27142.0,1259.0,0,1,0,0.0,0,0.0,0.0,0.0,0.0,0.0,0.0,0.0,0.0,0.0,0.0,0,0,0.0,0,0.0,12.0,12.0,12.0,12.0,1.0,0.0,1.0,1.0,0.0,1.0,1.0,0.0,0.0,0.0,0.0
0.304628000000001,TCP,Unknown,ACK,5565.0,26981.0,0,1,0,0.0,0,0.0,0.0,0.0,0.0,0.0,0.0,0.0,0.0,0.0,0.0,1,0,0.03418803418803419,0,0.0,15.0,105.0,117.0,105.0,7.0,-6.0,0.8974358974358975,0.8974358974358975,0.10256410256410253,0.1282051282051282,0.8974358974358975,0.03418803418803419,0.0380952380952381,0.0,0.0
0.304628000000001,TCP,Unknown,SF,5565.0,26981.0,0,1,0,0.0,0,0.0,0.0,0.0,0.0,0.0,0.0,0.0,0.0,0.0,0.0,0,0,0.03418803418803419,0,0.0,15.0,105.0,117.0,105.0,7.0,-6.0,0.8974358974358975,0.8974358974358975,0.10256410256410253,0.1282051282051282,0.8974358974358975,0.03418803418803419,0.0380952380952381,0.0,0.0
0.304628000000001,TCP,Unknown,SF,5565.0,26981.0,0,1,0,0.0,0,0.0,0.0,0.0,0.0,0.0,0.0,0.0,0.0,0.0,0.0,0,0,0.03418803418803419,0,0.0,15.0,105.0,117.0,105.0,7.0,-6.0,0.8974358974358975,0.8974358974358975,0.10256410256410253,0.1282051282051282,0.8974358974358975,0.03418803418803419,0.0380952380952381,0.0,0.0
0.304628000000001,TCP,Unknown,SF,5565.0,26981.0,0,1,0,0.0,0,0.0,0.0,0.0,0.0,0.0,0.0,0.0,0.0,0.0,0.0,0,0,0.03418803418803419,0,0.0,15.0,105.0,117.0,105.0,7.0,-6.0,0.8974358974358975,0.8974358974358975,0.10256410256410253,0.1282051282051282,0.8974358974358975,0.03418803418803419,0.0380952380952381,0.0,0.0
58.086305,TCP,Unknown,ACK,27142.0,1259.0,0,1,0,0.0,0,0.0,0.0,0.0,0.0,0.0,0.0,0.0,0.0,0.0,0.0,1,0,0.0,0,0.0,12.0,12.0,12.0,12.0,1.0,0.0,1.0,1.0,0.0,1.0,1.0,0.0,0.0,0.0,0.0
58.086305,TCP,Unknown,SF,27142.0,1259.0,0,1,0,0.0,0,0.0,0.0,0.0,0.0,0.0,0.0,0.0,0.0,0.0,0.0,0,0,0.0,0,0.0,12.0,12.0,12.0,12.0,1.0,0.0,1.0,1.0,0.0,1.0,1.0,0.0,0.0,0.0,0.0
0.304628000000001,TCP,Unknown,ACK,5565.0,26981.0,0,1,0,0.0,0,0.0,0.0,0.0,0.0,0.0,0.0,0.0,0.0,0.0,0.0,1,0,0.03418803418803419,0,0.0,15.0,105.0,117.0,105.0,7.0,-6.0,0.8974358974358975,0.8974358974358975,0.10256410256410253,0.1282051282051282,0.8974358974358975,0.03418803418803419,0.0380952380952381,0.0,0.0
58.086305,TCP,Unknown,SF,27142.0,1259.0,0,1,0,0.0,0,0.0,0.0,0.0,0.0,0.0,0.0,0.0,0.0,0.0,0.0,0,0,0.0,0,0.0,12.0,12.0,12.0,12.0,1.0,0.0,1.0,1.0,0.0,1.0,1.0,0.0,0.0,0.0,0.0
58.086305,TCP,Unknown,SF,27142.0,1259.0,0,1,0,0.0,0,0.0,0.0,0.0,0.0,0.0,0.0,0.0,0.0,0.0,0.0,0,0,0.0,0,0.0,12.0,12.0,12.0,12.0,1.0,0.0,1.0,1.0,0.0,1.0,1.0,0.0,0.0,0.0,0.0
0.304628000000001,TCP,Unknown,ACK,5565.0,26981.0,0,1,0,0.0,0,0.0,0.0,0.0,0.0,0.0,0.0,0.0,0.0,0.0,0.0,1,0,0.03418803418803419,0,0.0,15.0,105.0,117.0,105.0,7.0,-6.0,0.8974358974358975,0.8974358974358975,0.10256410256410253,0.1282051282051282,0.8974358974358975,0.03418803418803419,0.0380952380952381,0.0,0.0
0.304628000000001,TCP,Unknown,ACK,5565.0,26981.0,0,1,0,0.0,0,0.0,0.0,0.0,0.0,0.0,0.0,0.0,0.0,0.0,0.0,1,0,0.03418803418803419,0,0.0,15.0,105.0,117.0,105.0,7.0,-6.0,0.8974358974358975,0.8974358974358975,0.10256410256410253,0.1282051282051282,0.8974358974358975,0.03418803418803419,0.0380952380952381,0.0,0.0
0.304628000000001,TCP,Unknown,SF,5565.0,26981.0,0,1,0,0.0,0,0.0,0.0,0.0,0.0,0.0,0.0,0.0,0.0,0.0,0.0,0,0,0.03418803418803419,0,0.0,15.0,105.0,117.0,105.0,7.0,-6.0,0.8974358974358975,0.8974358974358975,0.10256410256410253,0.1282051282051282,0.8974358974358975,0.03418803418803419,0.0380952380952381,0.0,0.0
0.304628000000001,TCP,Unknown,SF,5565.0,26981.0,0,1,0,0.0,0,0.0,0.0,0.0,0.0,0.0,0.0,0.0,0.0,0.0,0.0,0,0,0.03418803418803419,0,0.0,15.0,105.0,117.0,105.0,7.0,-6.0,0.8974358974358975,0.8974358974358975,0.10256410256410253,0.1282051282051282,0.8974358974358975,0.03418803418803419,0.0380952380952381,0.0,0.0
58.086305,TCP,Unknown,ACK,27142.0,1259.0,0,1,0,0.0,0,0.0,0.0,0.0,0.0,0.0,0.0,0.0,0.0,0.0,0.0,1,0,0.0,0,0.0,12.0,12.0,12.0,12.0,1.0,0.0,1.0,1.0,0.0,1.0,1.0,0.0,0.0,0.0,0.0
0.304628000000001,TCP,Unknown,SF,5565.0,26981.0,0,1,0,0.0,0,0.0,0.0,0.0,0.0,0.0,0.0,0.0,0.0,0.0,0.0,0,0,0.03418803418803419,0,0.0,15.0,105.0,117.0,105.0,7.0,-6.0,0.8974358974358975,0.8974358974358975,0.10256410256410253,0.1282051282051282,0.8974358974358975,0.03418803418803419,0.0380952380952381,0.0,0.0
0.304628000000001,TCP,Unknown,SF,5565.0,26981.0,0,1,0,0.0,0,0.0,0.0,0.0,0.0,0.0,0.0,0.0,0.0,0.0,0.0,0,0,0.03418803418803419,0,0.0,15.0,105.0,117.0,105.0,7.0,-6.0,0.8974358974358975,0.8974358974358975,0.10256410256410253,0.1282051282051282,0.8974358974358975,0.03418803418803419,0.0380952380952381,0.0,0.0
58.086305,TCP,Unknown,ACK,27142.0,1259.0,0,1,0,0.0,0,0.0,0.0,0.0,0.0,0.0,0.0,0.0,0.0,0.0,0.0,1,0,0.0,0,0.0,12.0,12.0,12.0,12.0,1.0,0.0,1.0,1.0,0.0,1.0,1.0,0.0,0.0,0.0,0.0
0.304628000000001,TCP,Unknown,SF,5565.0,26981.0,0,1,0,0.0,0,0.0,0.0,0.0,0.0,0.0,0.0,0.0,0.0,0.0,0.0,0,0,0.03418803418803419,0,0.0,15.0,105.0,117.0,105.0,7.0,-6.0,0.8974358974358975,0.8974358974358975,0.10256410256410253,0.1282051282051282,0.8974358974358975,0.03418803418803419,0.0380952380952381,0.0,0.0
58.086305,TCP,Unknown,SF,27142.0,1259.0,0,1,0,0.0,0,0.0,0.0,0.0,0.0,0.0,0.0,0.0,0.0,0.0,0.0,0,0,0.0,0,0.0,12.0,12.0,12.0,12.0,1.0,0.0,1.0,1.0,0.0,1.0,1.0,0.0,0.0,0.0,0.0
58.086305,TCP,Unknown,Unknown,27142.0,1259.0,0,1,0,0.0,0,0.0,0.0,0.0,0.0,0.0,0.0,0.0,0.0,0.0,0.0,0,0,0.0,0,0.0,12.0,12.0,12.0,12.0,1.0,0.0,1.0,1.0,0.0,1.0,1.0,0.0,0.0,0.0,0.0
0.304628000000001,TCP,Unknown,ACK,5565.0,26981.0,0,1,0,0.0,0,0.0,0.0,0.0,0.0,0.0,0.0,0.0,0.0,0.0,0.0,1,0,0.03418803418803419,0,0.0,15.0,105.0,117.0,105.0,7.0,-6.0,0.8974358974358975,0.8974358974358975,0.10256410256410253,0.1282051282051282,0.8974358974358975,0.03418803418803419,0.0380952380952381,0.0,0.0
0.304628000000001,TCP,Unknown,Unknown,5565.0,26981.0,0,1,0,0.0,0,0.0,0.0,0.0,0.0,0.0,0.0,0.0,0.0,0.0,0.0,0,0,0.03418803418803419,0,0.0,15.0,105.0,117.0,105.0,7.0,-6.0,0.8974358974358975,0.8974358974358975,0.10256410256410253,0.1282051282051282,0.8974358974358975,0.03418803418803419,0.0380952380952381,0.0,0.0
58.086305,TCP,Unknown,ACK,27142.0,1259.0,0,1,0,0.0,0,0.0,0.0,0.0,0.0,0.0,0.0,0.0,0.0,0.0,0.0,1,0,0.0,0,0.0,12.0,12.0,12.0,12.0,1.0,0.0,1.0,1.0,0.0,1.0,1.0,0.0,0.0,0.0,0.0
0.0,Unknown,Unknown,S0,0.0,0.0,0,0,0,0.0,0,0.0,0.0,0.0,0.0,0.0,0.0,0.0,0.0,0.0,0.0,0,0,0.0,0,0.0,0.0,0.0,0.0,0.0,0.0,1.0,0.0,0.0,1.0,0.0,0.0,0.0,0.0,0.0,0.0
0.0,UDP,Unknown,S0,86.0,3195.0,0,0,0,0.0,0,0.0,0.0,0.0,0.0,0.0,0.0,0.0,0.0,0.0,0.0,0,0,0.0,0,0.0,1.0,27.0,27.0,27.0,27.0,-26.0,1.0,1.0,0.0,0.037037037037037035,1.0,0.0,0.0,0.0,0.0
0.0,UDP,Unknown,S0,86.0,3195.0,0,0,0,0.0,0,0.0,0.0,0.0,0.0,0.0,0.0,0.0,0.0,0.0,0.0,0,0,0.0,0,0.0,1.0,27.0,27.0,27.0,27.0,-26.0,1.0,1.0,0.0,0.037037037037037035,1.0,0.0,0.0,0.0,0.0
58.086305,TCP,Unknown,ACK,27142.0,4521.0,0,1,0,0.0,0,0.0,0.0,0.0,0.0,0.0,0.0,0.0,0.0,0.0,0.0,1,0,0.0,0,0.0,10.0,10.0,10.0,10.0,1.0,0.0,1.0,1.0,0.0,1.0,1.0,0.0,0.0,0.0,0.0
45.772114,TCP,Unknown,ACK,2104.0,26981.0,0,1,0,0.0,0,0.0,0.0,0.0,0.0,0.0,0.0,0.0,0.0,0.0,0.0,1,0,0.03418803418803419,0,0.0,10.0,105.0,117.0,105.0,10.5,-9.5,0.8974358974358975,0.8974358974358975,0.10256410256410253,0.08547008547008547,0.8974358974358975,0.03418803418803419,0.0380952380952381,0.0,0.0
30.110583000000002,UDP,Unknown,S0,2450.0,8018.0,0,0,0,0.0,0,0.0,0.0,0.0,0.0,0.0,0.0,0.0,0.0,0.0,0.0,0,0,0.0,0,0.0,12.0,29.0,29.0,29.0,2.4166666666666665,-1.4166666666666665,1.0,1.0,0.0,0.41379310344827586,1.0,0.0,0.0,0.0,0.0
30.110583000000002,UDP,Unknown,S0,2450.0,8018.0,0,0,0,0.0,0,0.0,0.0,0.0,0.0,0.0,0.0,0.0,0.0,0.0,0.0,0,0,0.0,0,0.0,12.0,29.0,29.0,29.0,2.4166666666666665,-1.4166666666666665,1.0,1.0,0.0,0.41379310344827586,1.0,0.0,0.0,0.0,0.0
30.110583000000002,UDP,Unknown,S0,2450.0,8018.0,0,0,0,0.0,0,0.0,0.0,0.0,0.0,0.0,0.0,0.0,0.0,0.0,0.0,0,0,0.0,0,0.0,12.0,29.0,29.0,29.0,2.4166666666666665,-1.4166666666666665,1.0,1.0,0.0,0.41379310344827586,1.0,0.0,0.0,0.0,0.0
30.110583000000002,UDP,Unknown,S0,2450.0,8018.0,0,0,0,0.0,0,0.0,0.0,0.0,0.0,0.0,0.0,0.0,0.0,0.0,0.0,0,0,0.0,0,0.0,12.0,29.0,29.0,29.0,2.4166666666666665,-1.4166666666666665,1.0,1.0,0.0,0.41379310344827586,1.0,0.0,0.0,0.0,0.0
30.110583000000002,UDP,Unknown,S0,2450.0,3195.0,0,0,0,0.0,0,0.0,0.0,0.0,0.0,0.0,0.0,0.0,0.0,0.0,0.0,0,0,0.0,0,0.0,2.0,27.0,27.0,27.0,13.5,-12.5,1.0,1.0,0.0,0.07407407407407407,1.0,0.0,0.0,0.0,0.0
30.110583000000002,UDP,Unknown,S0,2450.0,8018.0,0,0,0,0.0,0,0.0,0.0,0.0,0.0,0.0,0.0,0.0,0.0,0.0,0.0,0,0,0.0,0,0.0,12.0,29.0,29.0,29.0,2.4166666666666665,-1.4166666666666665,1.0,1.0,0.0,0.41379310344827586,1.0,0.0,0.0,0.0,0.0
30.110583000000002,UDP,Unknown,S0,2450.0,8018.0,0,0,0,0.0,0,0.0,0.0,0.0,0.0,0.0,0.0,0.0,0.0,0.0,0.0,0,0,0.0,0,0.0,12.0,29.0,29.0,29.0,2.4166666666666665,-1.4166666666666665,1.0,1.0,0.0,0.41379310344827586,1.0,0.0,0.0,0.0,0.0
33.281689,UDP,Unknown,S0,328.0,3195.0,0,1,0,0.0,0,0.0,0.0,0.0,0.0,0.0,0.0,0.0,0.0,0.0,0.0,0,0,0.0,0,0.0,4.0,27.0,27.0,27.0,6.75,-5.75,1.0,1.0,0.0,0.14814814814814814,1.0,0.0,0.0,0.0,0.0
26.936941,UDP,Unknown,S0,362.0,3195.0,0,0,0,0.0,0,0.0,0.0,0.0,0.0,0.0,0.0,0.0,0.0,0.0,0.0,0,0,0.0,0,0.0,4.0,27.0,27.0,27.0,6.75,-5.75,1.0,1.0,0.0,0.14814814814814814,1.0,0.0,0.0,0.0,0.0
26.936941,UDP,Unknown,S0,362.0,3195.0,0,0,0,0.0,0,0.0,0.0,0.0,0.0,0.0,0.0,0.0,0.0,0.0,0.0,0,0,0.0,0,0.0,4.0,27.0,27.0,27.0,6.75,-5.75,1.0,1.0,0.0,0.14814814814814814,1.0,0.0,0.0,0.0,0.0
26.936941,UDP,Unknown,S0,362.0,3195.0,0,0,0,0.0,0,0.0,0.0,0.0,0.0,0.0,0.0,0.0,0.0,0.0,0.0,0,0,0.0,0,0.0,4.0,27.0,27.0,27.0,6.75,-5.75,1.0,1.0,0.0,0.14814814814814814,1.0,0.0,0.0,0.0,0.0
58.086305,UDP,Unknown,S0,27142.0,7752.0,0,1,0,0.0,0,0.0,0.0,0.0,0.0,0.0,0.0,0.0,0.0,0.0,0.0,0,0,0.0,0,0.0,6.0,6.0,6.0,6.0,1.0,0.0,1.0,1.0,0.0,1.0,1.0,0.0,0.0,0.0,0.0
58.086305,UDP,Unknown,S0,27142.0,7752.0,0,1,0,0.0,0,0.0,0.0,0.0,0.0,0.0,0.0,0.0,0.0,0.0,0.0,0,0,0.0,0,0.0,6.0,6.0,6.0,6.0,1.0,0.0,1.0,1.0,0.0,1.0,1.0,0.0,0.0,0.0,0.0
58.086305,UDP,Unknown,S0,27142.0,7752.0,0,1,0,0.0,0,0.0,0.0,0.0,0.0,0.0,0.0,0.0,0.0,0.0,0.0,0,0,0.0,0,0.0,6.0,6.0,6.0,6.0,1.0,0.0,1.0,1.0,0.0,1.0,1.0,0.0,0.0,0.0,0.0
50.791822,UDP,Unknown,S0,4208.0,8018.0,0,0,0,0.0,0,0.0,0.0,0.0,0.0,0.0,0.0,0.0,0.0,0.0,0.0,0,0,0.0,0,0.0,12.0,29.0,29.0,29.0,2.4166666666666665,-1.4166666666666665,1.0,1.0,0.0,0.41379310344827586,1.0,0.0,0.0,0.0,0.0
50.792038000000005,UDP,Unknown,S0,1710.0,8018.0,0,1,0,0.0,0,0.0,0.0,0.0,0.0,0.0,0.0,0.0,0.0,0.0,0.0,0,0,0.0,0,0.0,5.0,29.0,29.0,29.0,5.8,-4.8,1.0,1.0,0.0,0.1724137931034483,1.0,0.0,0.0,0.0,0.0
40.042784,UDP,Unknown,S0,329.0,3195.0,0,0,0,0.0,0,0.0,0.0,0.0,0.0,0.0,0.0,0.0,0.0,0.0,0.0,0,0,0.0,0,0.0,2.0,27.0,27.0,27.0,13.5,-12.5,1.0,1.0,0.0,0.07407407407407407,1.0,0.0,0.0,0.0,0.0
58.086305,UDP,Unknown,S0,27142.0,7752.0,0,1,0,0.0,0,0.0,0.0,0.0,0.0,0.0,0.0,0.0,0.0,0.0,0.0,0,0,0.0,0,0.0,6.0,6.0,6.0,6.0,1.0,0.0,1.0,1.0,0.0,1.0,1.0,0.0,0.0,0.0,0.0
0.0,UDP,Unknown,S0,82.0,3195.0,0,1,0,0.0,0,0.0,0.0,0.0,0.0,0.0,0.0,0.0,0.0,0.0,0.0,0,0,0.0,0,0.0,1.0,27.0,27.0,27.0,27.0,-26.0,1.0,1.0,0.0,0.037037037037037035,1.0,0.0,0.0,0.0,0.0
50.791822,UDP,Unknown,S0,4208.0,8018.0,0,0,0,0.0,0,0.0,0.0,0.0,0.0,0.0,0.0,0.0,0.0,0.0,0.0,0,0,0.0,0,0.0,12.0,29.0,29.0,29.0,2.4166666666666665,-1.4166666666666665,1.0,1.0,0.0,0.41379310344827586,1.0,0.0,0.0,0.0,0.0
50.792038000000005,UDP,Unknown,S0,1710.0,8018.0,0,1,0,0.0,0,0.0,0.0,0.0,0.0,0.0,0.0,0.0,0.0,0.0,0.0,0,0,0.0,0,0.0,5.0,29.0,29.0,29.0,5.8,-4.8,1.0,1.0,0.0,0.1724137931034483,1.0,0.0,0.0,0.0,0.0
58.086305,UDP,Unknown,S0,27142.0,7752.0,0,1,0,0.0,0,0.0,0.0,0.0,0.0,0.0,0.0,0.0,0.0,0.0,0.0,0,0,0.0,0,0.0,6.0,6.0,6.0,6.0,1.0,0.0,1.0,1.0,0.0,1.0,1.0,0.0,0.0,0.0,0.0
