duration,protocol_type,service,flag,src_bytes,dst_bytes,land,wrong_fragment,urgent,hot,num_failed_logins,logged_in,num_compromised,root_shell,su_attempted,num_root,num_file_creations,num_shells,num_access_files,num_outbound_cmds,is_host_login,is_guest_login,count,srv_count,serror_rate,srv_serror_rate,rerror_rate,srv_rerror_rate,same_srv_rate,diff_srv_rate,srv_diff_host_rate,dst_host_count,dst_host_srv_count,dst_host_same_srv_rate,dst_host_diff_srv_rate,dst_host_same_src_port_rate,dst_host_srv_diff_host_rate,dst_host_serror_rate,dst_host_srv_serror_rate,dst_host_rerror_rate,dst_host_srv_rerror_rate,prediction
58.086305,UDP,Unknown,S0,27142.0,7752.0,0,1,0,0.0,0,0.0,0.0,0.0,0.0,0.0,0.0,0.0,0.0,0.0,0.0,0,0,0.0,0,0.0,6.0,6.0,6.0,6.0,1.0,0.0,1.0,1.0,0.0,1.0,1.0,0.0,0.0,0.0,0.0,normal
58.086305,TCP,Unknown,S1,27142.0,4521.0,0,1,0,0.0,0,0.0,0.0,0.0,0.0,0.0,0.0,0.0,0.0,0.0,0.0,0,0,0.0,0,0.0,10.0,10.0,10.0,10.0,1.0,0.0,1.0,1.0,0.0,1.0,1.0,0.0,0.0,0.0,0.0,normal
45.772114,TCP,Unknown,S2,2104.0,26981.0,0,1,0,0.0,0,0.0,0.0,0.0,0.0,0.0,0.0,0.0,0.0,0.0,0.0,0,0,0.0341880341880341,0,0.0,10.0,105.0,117.0,105.0,10.5,-9.5,0.8974358974358975,0.8974358974358975,0.1025641025641025,0.0854700854700854,0.8974358974358975,0.0341880341880341,0.0380952380952381,0.0,0.0,normal
58.086305,TCP,Unknown,ACK,27142.0,4521.0,0,1,0,0.0,0,0.0,0.0,0.0,0.0,0.0,0.0,0.0,0.0,0.0,0.0,1,0,0.0,0,0.0,10.0,10.0,10.0,10.0,1.0,0.0,1.0,1.0,0.0,1.0,1.0,0.0,0.0,0.0,0.0,normal
58.086305,TCP,Unknown,ACK,27142.0,4521.0,0,1,0,0.0,0,0.0,0.0,0.0,0.0,0.0,0.0,0.0,0.0,0.0,0.0,1,0,0.0,0,0.0,10.0,10.0,10.0,10.0,1.0,0.0,1.0,1.0,0.0,1.0,1.0,0.0,0.0,0.0,0.0,normal
58.086305,TCP,Unknown,SF,27142.0,4521.0,0,1,0,0.0,0,0.0,0.0,0.0,0.0,0.0,0.0,0.0,0.0,0.0,0.0,0,0,0.0,0,0.0,10.0,10.0,10.0,10.0,1.0,0.0,1.0,1.0,0.0,1.0,1.0,0.0,0.0,0.0,0.0,normal
45.772114,TCP,Unknown,ACK,2104.0,26981.0,0,1,0,0.0,0,0.0,0.0,0.0,0.0,0.0,0.0,0.0,0.0,0.0,0.0,1,0,0.0341880341880341,0,0.0,10.0,105.0,117.0,105.0,10.5,-9.5,0.8974358974358975,0.8974358974358975,0.1025641025641025,0.0854700854700854,0.8974358974358975,0.0341880341880341,0.0380952380952381,0.0,0.0,normal
45.772114,TCP,Unknown,ACK,2104.0,26981.0,0,1,0,0.0,0,0.0,0.0,0.0,0.0,0.0,0.0,0.0,0.0,0.0,0.0,1,0,0.0341880341880341,0,0.0,10.0,105.0,117.0,105.0,10.5,-9.5,0.8974358974358975,0.8974358974358975,0.1025641025641025,0.0854700854700854,0.8974358974358975,0.0341880341880341,0.0380952380952381,0.0,0.0,normal
45.772114,TCP,Unknown,SF,2104.0,26981.0,0,1,0,0.0,0,0.0,0.0,0.0,0.0,0.0,0.0,0.0,0.0,0.0,0.0,0,0,0.0341880341880341,0,0.0,10.0,105.0,117.0,105.0,10.5,-9.5,0.8974358974358975,0.8974358974358975,0.1025641025641025,0.0854700854700854,0.8974358974358975,0.0341880341880341,0.0380952380952381,0.0,0.0,normal
58.086305,TCP,Unknown,SF,27142.0,4521.0,0,1,0,0.0,0,0.0,0.0,0.0,0.0,0.0,0.0,0.0,0.0,0.0,0.0,0,0,0.0,0,0.0,10.0,10.0,10.0,10.0,1.0,0.0,1.0,1.0,0.0,1.0,1.0,0.0,0.0,0.0,0.0,normal
58.086305,TCP,Unknown,SF,27142.0,4521.0,0,1,0,0.0,0,0.0,0.0,0.0,0.0,0.0,0.0,0.0,0.0,0.0,0.0,0,0,0.0,0,0.0,10.0,10.0,10.0,10.0,1.0,0.0,1.0,1.0,0.0,1.0,1.0,0.0,0.0,0.0,0.0,normal
45.772114,TCP,Unknown,ACK,2104.0,26981.0,0,1,0,0.0,0,0.0,0.0,0.0,0.0,0.0,0.0,0.0,0.0,0.0,0.0,1,0,0.0341880341880341,0,0.0,10.0,105.0,117.0,105.0,10.5,-9.5,0.8974358974358975,0.8974358974358975,0.1025641025641025,0.0854700854700854,0.8974358974358975,0.0341880341880341,0.0380952380952381,0.0,0.0,normal
45.772114,TCP,Unknown,SF,2104.0,26981.0,0,1,0,0.0,0,0.0,0.0,0.0,0.0,0.0,0.0,0.0,0.0,0.0,0.0,0,0,0.0341880341880341,0,0.0,10.0,105.0,117.0,105.0,10.5,-9.5,0.8974358974358975,0.8974358974358975,0.1025641025641025,0.0854700854700854,0.8974358974358975,0.0341880341880341,0.0380952380952381,0.0,0.0,normal
58.086305,TCP,Unknown,ACK,27142.0,4521.0,0,1,0,0.0,0,0.0,0.0,0.0,0.0,0.0,0.0,0.0,0.0,0.0,0.0,1,0,0.0,0,0.0,10.0,10.0,10.0,10.0,1.0,0.0,1.0,1.0,0.0,1.0,1.0,0.0,0.0,0.0,0.0,normal
45.772114,TCP,Unknown,SF,2104.0,26981.0,0,1,0,0.0,0,0.0,0.0,0.0,0.0,0.0,0.0,0.0,0.0,0.0,0.0,0,0,0.0341880341880341,0,0.0,10.0,105.0,117.0,105.0,10.5,-9.5,0.8974358974358975,0.8974358974358975,0.1025641025641025,0.0854700854700854,0.8974358974358975,0.0341880341880341,0.0380952380952381,0.0,0.0,normal
58.086305,UDP,Unknown,S0,27142.0,430.0,0,0,0,0.0,0,0.0,0.0,0.0,0.0,0.0,0.0,0.0,0.0,0.0,0.0,0,0,0.0,0,0.0,5.0,5.0,5.0,5.0,1.0,0.0,1.0,1.0,0.0,1.0,1.0,0.0,0.0,0.0,0.0,normal
58.086305,UDP,Unknown,S0,27142.0,430.0,0,0,0,0.0,0,0.0,0.0,0.0,0.0,0.0,0.0,0.0,0.0,0.0,0.0,0,0,0.0,0,0.0,5.0,5.0,5.0,5.0,1.0,0.0,1.0,1.0,0.0,1.0,1.0,0.0,0.0,0.0,0.0,normal
58.086305,TCP,Unknown,SF,27142.0,4521.0,0,1,0,0.0,0,0.0,0.0,0.0,0.0,0.0,0.0,0.0,0.0,0.0,0.0,0,0,0.0,0,0.0,10.0,10.0,10.0,10.0,1.0,0.0,1.0,1.0,0.0,1.0,1.0,0.0,0.0,0.0,0.0,normal
39.731913,UDP,Unknown,S0,1093.0,26981.0,0,1,0,0.0,0,0.0,0.0,0.0,0.0,0.0,0.0,0.0,0.0,0.0,0.0,0,0,0.0341880341880341,0,0.0,5.0,5.0,117.0,5.0,1.0,0.0,0.0427350427350427,0.0427350427350427,0.9572649572649572,0.0427350427350427,0.0427350427350427,0.0341880341880341,0.0,0.0,0.0,normal
39.731913,UDP,Unknown,S0,1093.0,26981.0,0,1,0,0.0,0,0.0,0.0,0.0,0.0,0.0,0.0,0.0,0.0,0.0,0.0,0,0,0.0341880341880341,0,0.0,5.0,5.0,117.0,5.0,1.0,0.0,0.0427350427350427,0.0427350427350427,0.9572649572649572,0.0427350427350427,0.0427350427350427,0.0341880341880341,0.0,0.0,0.0,normal
45.772114,TCP,Unknown,ACK,2104.0,26981.0,0,1,0,0.0,0,0.0,0.0,0.0,0.0,0.0,0.0,0.0,0.0,0.0,0.0,1,0,0.0341880341880341,0,0.0,10.0,105.0,117.0,105.0,10.5,-9.5,0.8974358974358975,0.8974358974358975,0.1025641025641025,0.0854700854700854,0.8974358974358975,0.0341880341880341,0.0380952380952381,0.0,0.0,normal
45.772114,TCP,Unknown,SF,2104.0,26981.0,0,1,0,0.0,0,0.0,0.0,0.0,0.0,0.0,0.0,0.0,0.0,0.0,0.0,0,0,0.0341880341880341,0,0.0,10.0,105.0,117.0,105.0,10.5,-9.5,0.8974358974358975,0.8974358974358975,0.1025641025641025,0.0854700854700854,0.8974358974358975,0.0341880341880341,0.0380952380952381,0.0,0.0,normal
58.086305,TCP,Unknown,ACK,27142.0,4521.0,0,1,0,0.0,0,0.0,0.0,0.0,0.0,0.0,0.0,0.0,0.0,0.0,0.0,1,0,0.0,0,0.0,10.0,10.0,10.0,10.0,1.0,0.0,1.0,1.0,0.0,1.0,1.0,0.0,0.0,0.0,0.0,normal
50.791822,UDP,Unknown,S0,4208.0,8018.0,0,0,0,0.0,0,0.0,0.0,0.0,0.0,0.0,0.0,0.0,0.0,0.0,0.0,0,0,0.0,0,0.0,12.0,29.0,29.0,29.0,2.4166666666666665,-1.4166666666666663,1.0,1.0,0.0,0.4137931034482758,1.0,0.0,0.0,0.0,0.0,normal
50.792038000000005,UDP,Unknown,S0,1710.0,8018.0,0,1,0,0.0,0,0.0,0.0,0.0,0.0,0.0,0.0,0.0,0.0,0.0,0.0,0,0,0.0,0,0.0,5.0,29.0,29.0,29.0,5.8,-4.8,1.0,1.0,0.0,0.1724137931034483,1.0,0.0,0.0,0.0,0.0,normal
50.791822,UDP,Unknown,S0,4208.0,8018.0,0,0,0,0.0,0,0.0,0.0,0.0,0.0,0.0,0.0,0.0,0.0,0.0,0.0,0,0,0.0,0,0.0,12.0,29.0,29.0,29.0,2.4166666666666665,-1.4166666666666663,1.0,1.0,0.0,0.4137931034482758,1.0,0.0,0.0,0.0,0.0,normal
0.0,Unknown,Unknown,S0,0.0,0.0,0,0,0,0.0,0,0.0,0.0,0.0,0.0,0.0,0.0,0.0,0.0,0.0,0.0,0,0,0.0,0,0.0,0.0,0.0,0.0,0.0,0.0,1.0,0.0,0.0,1.0,0.0,0.0,0.0,0.0,0.0,0.0,normal
0.0,UDP,Unknown,S0,176.0,3195.0,0,0,0,0.0,0,0.0,0.0,0.0,0.0,0.0,0.0,0.0,0.0,0.0,0.0,0,0,0.0,0,0.0,1.0,27.0,27.0,27.0,27.0,-26.0,1.0,1.0,0.0,0.037037037037037,1.0,0.0,0.0,0.0,0.0,normal
0.0,Unknown,Unknown,S0,0.0,0.0,0,0,0,0.0,0,0.0,0.0,0.0,0.0,0.0,0.0,0.0,0.0,0.0,0.0,0,0,0.0,0,0.0,0.0,0.0,0.0,0.0,0.0,1.0,0.0,0.0,1.0,0.0,0.0,0.0,0.0,0.0,0.0,normal
0.0,Unknown,Unknown,S0,0.0,0.0,0,0,0,0.0,0,0.0,0.0,0.0,0.0,0.0,0.0,0.0,0.0,0.0,0.0,0,0,0.0,0,0.0,0.0,0.0,0.0,0.0,0.0,1.0,0.0,0.0,1.0,0.0,0.0,0.0,0.0,0.0,0.0,normal
0.0,Unknown,Unknown,S0,0.0,0.0,0,0,0,0.0,0,0.0,0.0,0.0,0.0,0.0,0.0,0.0,0.0,0.0,0.0,0,0,0.0,0,0.0,0.0,0.0,0.0,0.0,0.0,1.0,0.0,0.0,1.0,0.0,0.0,0.0,0.0,0.0,0.0,normal
50.791822,UDP,Unknown,S0,4208.0,8018.0,0,0,0,0.0,0,0.0,0.0,0.0,0.0,0.0,0.0,0.0,0.0,0.0,0.0,0,0,0.0,0,0.0,12.0,29.0,29.0,29.0,2.4166666666666665,-1.4166666666666663,1.0,1.0,0.0,0.4137931034482758,1.0,0.0,0.0,0.0,0.0,normal
0.0,UDP,Unknown,S0,92.0,3195.0,0,0,0,0.0,0,0.0,0.0,0.0,0.0,0.0,0.0,0.0,0.0,0.0,0.0,0,0,0.0,0,0.0,1.0,27.0,27.0,27.0,27.0,-26.0,1.0,1.0,0.0,0.037037037037037,1.0,0.0,0.0,0.0,0.0,normal
0.0,UDP,Unknown,S0,216.0,3195.0,0,0,0,0.0,0,0.0,0.0,0.0,0.0,0.0,0.0,0.0,0.0,0.0,0.0,0,0,0.0,0,0.0,1.0,27.0,27.0,27.0,27.0,-26.0,1.0,1.0,0.0,0.037037037037037,1.0,0.0,0.0,0.0,0.0,normal
2.1491919999999998,UDP,Unknown,S0,427.0,3195.0,0,0,0,0.0,0,0.0,0.0,0.0,0.0,0.0,0.0,0.0,0.0,0.0,0.0,0,0,0.0,0,0.0,3.0,27.0,27.0,27.0,9.0,-8.0,1.0,1.0,0.0,0.1111111111111111,1.0,0.0,0.0,0.0,0.0,normal
58.086305,TCP,Unknown,SF,27142.0,152.0,0,1,0,0.0,0,0.0,0.0,0.0,0.0,0.0,0.0,0.0,0.0,0.0,0.0,0,0,0.0,0,0.0,2.0,2.0,2.0,2.0,1.0,0.0,1.0,1.0,0.0,1.0,1.0,0.0,0.0,0.0,0.0,normal
0.0,TCP,Unknown,SF,229.0,26981.0,0,1,0,0.0,0,0.0,0.0,0.0,0.0,0.0,0.0,0.0,0.0,0.0,0.0,0,0,0.0341880341880341,0,0.0,1.0,105.0,117.0,105.0,105.0,-104.0,0.8974358974358975,0.8974358974358975,0.1025641025641025,0.0085470085470085,0.8974358974358975,0.0341880341880341,0.0380952380952381,0.0,0.0,normal
58.086305,TCP,Unknown,ACK,27142.0,152.0,0,1,0,0.0,0,0.0,0.0,0.0,0.0,0.0,0.0,0.0,0.0,0.0,0.0,1,0,0.0,0,0.0,2.0,2.0,2.0,2.0,1.0,0.0,1.0,1.0,0.0,1.0,1.0,0.0,0.0,0.0,0.0,normal
2.1491919999999998,UDP,Unknown,S0,427.0,3195.0,0,0,0,0.0,0,0.0,0.0,0.0,0.0,0.0,0.0,0.0,0.0,0.0,0.0,0,0,0.0,0,0.0,3.0,27.0,27.0,27.0,9.0,-8.0,1.0,1.0,0.0,0.1111111111111111,1.0,0.0,0.0,0.0,0.0,normal
58.086305,TCP,Unknown,ACK,27142.0,3740.0,0,1,0,0.0,0,0.0,0.0,0.0,0.0,0.0,0.0,0.0,0.0,0.0,0.0,1,0,0.0909090909090909,0,0.0,11.0,11.0,11.0,11.0,1.0,0.0,1.0,1.0,0.0,1.0,1.0,0.0909090909090909,0.0909090909090909,0.0,0.0,normal
12.700693,TCP,Unknown,ACK,899.0,26981.0,0,1,0,0.0,0,0.0,0.0,0.0,0.0,0.0,0.0,0.0,0.0,0.0,0.0,1,0,0.0341880341880341,0,0.0,11.0,105.0,117.0,105.0,9.545454545454543,-8.545454545454545,0.8974358974358975,0.8974358974358975,0.1025641025641025,0.094017094017094,0.8974358974358975,0.0341880341880341,0.0380952380952381,0.0,0.0,normal
58.086305,TCP,Unknown,ACK,27142.0,3740.0,0,1,0,0.0,0,0.0,0.0,0.0,0.0,0.0,0.0,0.0,0.0,0.0,0.0,1,0,0.0909090909090909,0,0.0,11.0,11.0,11.0,11.0,1.0,0.0,1.0,1.0,0.0,1.0,1.0,0.0909090909090909,0.0909090909090909,0.0,0.0,normal
12.700693,TCP,Unknown,ACK,899.0,26981.0,0,1,0,0.0,0,0.0,0.0,0.0,0.0,0.0,0.0,0.0,0.0,0.0,0.0,1,0,0.0341880341880341,0,0.0,11.0,105.0,117.0,105.0,9.545454545454543,-8.545454545454545,0.8974358974358975,0.8974358974358975,0.1025641025641025,0.094017094017094,0.8974358974358975,0.0341880341880341,0.0380952380952381,0.0,0.0,normal
0.0,Unknown,Unknown,S0,0.0,0.0,0,0,0,0.0,0,0.0,0.0,0.0,0.0,0.0,0.0,0.0,0.0,0.0,0.0,0,0,0.0,0,0.0,0.0,0.0,0.0,0.0,0.0,1.0,0.0,0.0,1.0,0.0,0.0,0.0,0.0,0.0,0.0,normal
40.042784,UDP,Unknown,S0,329.0,3195.0,0,0,0,0.0,0,0.0,0.0,0.0,0.0,0.0,0.0,0.0,0.0,0.0,0.0,0,0,0.0,0,0.0,2.0,27.0,27.0,27.0,13.5,-12.5,1.0,1.0,0.0,0.074074074074074,1.0,0.0,0.0,0.0,0.0,normal
2.1491919999999998,UDP,Unknown,S0,427.0,3195.0,0,0,0,0.0,0,0.0,0.0,0.0,0.0,0.0,0.0,0.0,0.0,0.0,0.0,0,0,0.0,0,0.0,3.0,27.0,27.0,27.0,9.0,-8.0,1.0,1.0,0.0,0.1111111111111111,1.0,0.0,0.0,0.0,0.0,normal
58.086305,UDP,Unknown,S0,27142.0,430.0,0,0,0,0.0,0,0.0,0.0,0.0,0.0,0.0,0.0,0.0,0.0,0.0,0.0,0,0,0.0,0,0.0,5.0,5.0,5.0,5.0,1.0,0.0,1.0,1.0,0.0,1.0,1.0,0.0,0.0,0.0,0.0,normal
58.086305,UDP,Unknown,S0,27142.0,430.0,0,0,0,0.0,0,0.0,0.0,0.0,0.0,0.0,0.0,0.0,0.0,0.0,0.0,0,0,0.0,0,0.0,5.0,5.0,5.0,5.0,1.0,0.0,1.0,1.0,0.0,1.0,1.0,0.0,0.0,0.0,0.0,normal
58.086305,TCP,Unknown,SF,27142.0,3740.0,0,1,0,0.0,0,0.0,0.0,0.0,0.0,0.0,0.0,0.0,0.0,0.0,0.0,0,0,0.0909090909090909,0,0.0,11.0,11.0,11.0,11.0,1.0,0.0,1.0,1.0,0.0,1.0,1.0,0.0909090909090909,0.0909090909090909,0.0,0.0,normal
58.086305,TCP,Unknown,SF,27142.0,3740.0,0,1,0,0.0,0,0.0,0.0,0.0,0.0,0.0,0.0,0.0,0.0,0.0,0.0,0,0,0.0909090909090909,0,0.0,11.0,11.0,11.0,11.0,1.0,0.0,1.0,1.0,0.0,1.0,1.0,0.0909090909090909,0.0909090909090909,0.0,0.0,normal
58.086305,TCP,Unknown,SF,27142.0,3740.0,0,1,0,0.0,0,0.0,0.0,0.0,0.0,0.0,0.0,0.0,0.0,0.0,0.0,0,0,0.0909090909090909,0,0.0,11.0,11.0,11.0,11.0,1.0,0.0,1.0,1.0,0.0,1.0,1.0,0.0909090909090909,0.0909090909090909,0.0,0.0,normal
12.700693,TCP,Unknown,ACK,899.0,26981.0,0,1,0,0.0,0,0.0,0.0,0.0,0.0,0.0,0.0,0.0,0.0,0.0,0.0,1,0,0.0341880341880341,0,0.0,11.0,105.0,117.0,105.0,9.545454545454543,-8.545454545454545,0.8974358974358975,0.8974358974358975,0.1025641025641025,0.094017094017094,0.8974358974358975,0.0341880341880341,0.0380952380952381,0.0,0.0,normal
12.700693,TCP,Unknown,ACK,899.0,26981.0,0,1,0,0.0,0,0.0,0.0,0.0,0.0,0.0,0.0,0.0,0.0,0.0,0.0,1,0,0.0341880341880341,0,0.0,11.0,105.0,117.0,105.0,9.545454545454543,-8.545454545454545,0.8974358974358975,0.8974358974358975,0.1025641025641025,0.094017094017094,0.8974358974358975,0.0341880341880341,0.0380952380952381,0.0,0.0,normal
12.700693,TCP,Unknown,ACK,899.0,26981.0,0,1,0,0.0,0,0.0,0.0,0.0,0.0,0.0,0.0,0.0,0.0,0.0,0.0,1,0,0.0341880341880341,0,0.0,11.0,105.0,117.0,105.0,9.545454545454543,-8.545454545454545,0.8974358974358975,0.8974358974358975,0.1025641025641025,0.094017094017094,0.8974358974358975,0.0341880341880341,0.0380952380952381,0.0,0.0,normal
39.731913,UDP,Unknown,S0,1093.0,26981.0,0,1,0,0.0,0,0.0,0.0,0.0,0.0,0.0,0.0,0.0,0.0,0.0,0.0,0,0,0.0341880341880341,0,0.0,5.0,5.0,117.0,5.0,1.0,0.0,0.0427350427350427,0.0427350427350427,0.9572649572649572,0.0427350427350427,0.0427350427350427,0.0341880341880341,0.0,0.0,0.0,normal
39.731913,UDP,Unknown,S0,1093.0,26981.0,0,1,0,0.0,0,0.0,0.0,0.0,0.0,0.0,0.0,0.0,0.0,0.0,0.0,0,0,0.0341880341880341,0,0.0,5.0,5.0,117.0,5.0,1.0,0.0,0.0427350427350427,0.0427350427350427,0.9572649572649572,0.0427350427350427,0.0427350427350427,0.0341880341880341,0.0,0.0,0.0,normal
12.700693,TCP,Unknown,SF,899.0,26981.0,0,1,0,0.0,0,0.0,0.0,0.0,0.0,0.0,0.0,0.0,0.0,0.0,0.0,0,0,0.0341880341880341,0,0.0,11.0,105.0,117.0,105.0,9.545454545454543,-8.545454545454545,0.8974358974358975,0.8974358974358975,0.1025641025641025,0.094017094017094,0.8974358974358975,0.0341880341880341,0.0380952380952381,0.0,0.0,normal
58.086305,TCP,Unknown,ACK,27142.0,3740.0,0,1,0,0.0,0,0.0,0.0,0.0,0.0,0.0,0.0,0.0,0.0,0.0,0.0,1,0,0.0909090909090909,0,0.0,11.0,11.0,11.0,11.0,1.0,0.0,1.0,1.0,0.0,1.0,1.0,0.0909090909090909,0.0909090909090909,0.0,0.0,normal
0.0,Unknown,Unknown,S0,0.0,0.0,0,0,0,0.0,0,0.0,0.0,0.0,0.0,0.0,0.0,0.0,0.0,0.0,0.0,0,0,0.0,0,0.0,0.0,0.0,0.0,0.0,0.0,1.0,0.0,0.0,1.0,0.0,0.0,0.0,0.0,0.0,0.0,normal
12.700693,TCP,Unknown,SF,899.0,26981.0,0,1,0,0.0,0,0.0,0.0,0.0,0.0,0.0,0.0,0.0,0.0,0.0,0.0,0,0,0.0341880341880341,0,0.0,11.0,105.0,117.0,105.0,9.545454545454543,-8.545454545454545,0.8974358974358975,0.8974358974358975,0.1025641025641025,0.094017094017094,0.8974358974358975,0.0341880341880341,0.0380952380952381,0.0,0.0,normal
58.086305,TCP,Unknown,SF,27142.0,3740.0,0,1,0,0.0,0,0.0,0.0,0.0,0.0,0.0,0.0,0.0,0.0,0.0,0.0,0,0,0.0909090909090909,0,0.0,11.0,11.0,11.0,11.0,1.0,0.0,1.0,1.0,0.0,1.0,1.0,0.0909090909090909,0.0909090909090909,0.0,0.0,normal
12.700693,TCP,Unknown,ACK,899.0,26981.0,0,1,0,0.0,0,0.0,0.0,0.0,0.0,0.0,0.0,0.0,0.0,0.0,0.0,1,0,0.0341880341880341,0,0.0,11.0,105.0,117.0,105.0,9.545454545454543,-8.545454545454545,0.8974358974358975,0.8974358974358975,0.1025641025641025,0.094017094017094,0.8974358974358975,0.0341880341880341,0.0380952380952381,0.0,0.0,normal
0.0,UDP,Unknown,S0,243.0,3195.0,0,0,0,0.0,0,0.0,0.0,0.0,0.0,0.0,0.0,0.0,0.0,0.0,0.0,0,0,0.0,0,0.0,1.0,27.0,27.0,27.0,27.0,-26.0,1.0,1.0,0.0,0.037037037037037,1.0,0.0,0.0,0.0,0.0,normal
33.281689,UDP,Unknown,S0,328.0,3195.0,0,1,0,0.0,0,0.0,0.0,0.0,0.0,0.0,0.0,0.0,0.0,0.0,0.0,0,0,0.0,0,0.0,4.0,27.0,27.0,27.0,6.75,-5.75,1.0,1.0,0.0,0.1481481481481481,1.0,0.0,0.0,0.0,0.0,normal
33.281689,UDP,Unknown,S0,328.0,3195.0,0,1,0,0.0,0,0.0,0.0,0.0,0.0,0.0,0.0,0.0,0.0,0.0,0.0,0,0,0.0,0,0.0,4.0,27.0,27.0,27.0,6.75,-5.75,1.0,1.0,0.0,0.1481481481481481,1.0,0.0,0.0,0.0,0.0,normal
50.791822,UDP,Unknown,S0,4208.0,8018.0,0,0,0,0.0,0,0.0,0.0,0.0,0.0,0.0,0.0,0.0,0.0,0.0,0.0,0,0,0.0,0,0.0,12.0,29.0,29.0,29.0,2.4166666666666665,-1.4166666666666663,1.0,1.0,0.0,0.4137931034482758,1.0,0.0,0.0,0.0,0.0,normal
0.0,UDP,Unknown,S0,86.0,3195.0,0,0,0,0.0,0,0.0,0.0,0.0,0.0,0.0,0.0,0.0,0.0,0.0,0.0,0,0,0.0,0,0.0,1.0,27.0,27.0,27.0,27.0,-26.0,1.0,1.0,0.0,0.037037037037037,1.0,0.0,0.0,0.0,0.0,normal
50.791822,UDP,Unknown,S0,4208.0,8018.0,0,0,0,0.0,0,0.0,0.0,0.0,0.0,0.0,0.0,0.0,0.0,0.0,0.0,0,0,0.0,0,0.0,12.0,29.0,29.0,29.0,2.4166666666666665,-1.4166666666666663,1.0,1.0,0.0,0.4137931034482758,1.0,0.0,0.0,0.0,0.0,normal
0.0,Unknown,Unknown,S0,0.0,0.0,0,0,0,0.0,0,0.0,0.0,0.0,0.0,0.0,0.0,0.0,0.0,0.0,0.0,0,0,0.0,0,0.0,0.0,0.0,0.0,0.0,0.0,1.0,0.0,0.0,1.0,0.0,0.0,0.0,0.0,0.0,0.0,normal
30.110583,UDP,Unknown,S0,2450.0,8018.0,0,0,0,0.0,0,0.0,0.0,0.0,0.0,0.0,0.0,0.0,0.0,0.0,0.0,0,0,0.0,0,0.0,12.0,29.0,29.0,29.0,2.4166666666666665,-1.4166666666666663,1.0,1.0,0.0,0.4137931034482758,1.0,0.0,0.0,0.0,0.0,normal
30.110583,UDP,Unknown,S0,2450.0,8018.0,0,0,0,0.0,0,0.0,0.0,0.0,0.0,0.0,0.0,0.0,0.0,0.0,0.0,0,0,0.0,0,0.0,12.0,29.0,29.0,29.0,2.4166666666666665,-1.4166666666666663,1.0,1.0,0.0,0.4137931034482758,1.0,0.0,0.0,0.0,0.0,normal
30.110583,UDP,Unknown,S0,2450.0,8018.0,0,0,0,0.0,0,0.0,0.0,0.0,0.0,0.0,0.0,0.0,0.0,0.0,0.0,0,0,0.0,0,0.0,12.0,29.0,29.0,29.0,2.4166666666666665,-1.4166666666666663,1.0,1.0,0.0,0.4137931034482758,1.0,0.0,0.0,0.0,0.0,normal
30.110583,UDP,Unknown,S0,2450.0,8018.0,0,0,0,0.0,0,0.0,0.0,0.0,0.0,0.0,0.0,0.0,0.0,0.0,0.0,0,0,0.0,0,0.0,12.0,29.0,29.0,29.0,2.4166666666666665,-1.4166666666666663,1.0,1.0,0.0,0.4137931034482758,1.0,0.0,0.0,0.0,0.0,normal
30.110583,UDP,Unknown,S0,2450.0,3195.0,0,0,0,0.0,0,0.0,0.0,0.0,0.0,0.0,0.0,0.0,0.0,0.0,0.0,0,0,0.0,0,0.0,2.0,27.0,27.0,27.0,13.5,-12.5,1.0,1.0,0.0,0.074074074074074,1.0,0.0,0.0,0.0,0.0,normal
30.110583,UDP,Unknown,S0,2450.0,8018.0,0,0,0,0.0,0,0.0,0.0,0.0,0.0,0.0,0.0,0.0,0.0,0.0,0.0,0,0,0.0,0,0.0,12.0,29.0,29.0,29.0,2.4166666666666665,-1.4166666666666663,1.0,1.0,0.0,0.4137931034482758,1.0,0.0,0.0,0.0,0.0,normal
30.110583,UDP,Unknown,S0,2450.0,8018.0,0,0,0,0.0,0,0.0,0.0,0.0,0.0,0.0,0.0,0.0,0.0,0.0,0.0,0,0,0.0,0,0.0,12.0,29.0,29.0,29.0,2.4166666666666665,-1.4166666666666663,1.0,1.0,0.0,0.4137931034482758,1.0,0.0,0.0,0.0,0.0,normal
0.0,UDP,Unknown,S0,82.0,3195.0,0,1,0,0.0,0,0.0,0.0,0.0,0.0,0.0,0.0,0.0,0.0,0.0,0.0,0,0,0.0,0,0.0,1.0,27.0,27.0,27.0,27.0,-26.0,1.0,1.0,0.0,0.037037037037037,1.0,0.0,0.0,0.0,0.0,normal
33.281689,UDP,Unknown,S0,328.0,3195.0,0,1,0,0.0,0,0.0,0.0,0.0,0.0,0.0,0.0,0.0,0.0,0.0,0.0,0,0,0.0,0,0.0,4.0,27.0,27.0,27.0,6.75,-5.75,1.0,1.0,0.0,0.1481481481481481,1.0,0.0,0.0,0.0,0.0,normal
0.0,Unknown,Unknown,S0,0.0,0.0,0,0,0,0.0,0,0.0,0.0,0.0,0.0,0.0,0.0,0.0,0.0,0.0,0.0,0,0,0.0,0,0.0,0.0,0.0,0.0,0.0,0.0,1.0,0.0,0.0,1.0,0.0,0.0,0.0,0.0,0.0,0.0,normal
0.0,Unknown,Unknown,S0,0.0,0.0,0,0,0,0.0,0,0.0,0.0,0.0,0.0,0.0,0.0,0.0,0.0,0.0,0.0,0,0,0.0,0,0.0,0.0,0.0,0.0,0.0,0.0,1.0,0.0,0.0,1.0,0.0,0.0,0.0,0.0,0.0,0.0,normal
0.0,UDP,Unknown,S0,82.0,3195.0,0,1,0,0.0,0,0.0,0.0,0.0,0.0,0.0,0.0,0.0,0.0,0.0,0.0,0,0,0.0,0,0.0,1.0,27.0,27.0,27.0,27.0,-26.0,1.0,1.0,0.0,0.037037037037037,1.0,0.0,0.0,0.0,0.0,normal
0.0,Unknown,Unknown,S0,0.0,0.0,0,0,0,0.0,0,0.0,0.0,0.0,0.0,0.0,0.0,0.0,0.0,0.0,0.0,0,0,0.0,0,0.0,0.0,0.0,0.0,0.0,0.0,1.0,0.0,0.0,1.0,0.0,0.0,0.0,0.0,0.0,0.0,normal
50.791822,UDP,Unknown,S0,4208.0,8018.0,0,1,0,0.0,0,0.0,0.0,0.0,0.0,0.0,0.0,0.0,0.0,0.0,0.0,0,0,0.0,0,0.0,12.0,29.0,29.0,29.0,2.4166666666666665,-1.4166666666666663,1.0,1.0,0.0,0.4137931034482758,1.0,0.0,0.0,0.0,0.0,normal
50.791822,UDP,Unknown,S0,4208.0,8018.0,0,1,0,0.0,0,0.0,0.0,0.0,0.0,0.0,0.0,0.0,0.0,0.0,0.0,0,0,0.0,0,0.0,12.0,29.0,29.0,29.0,2.4166666666666665,-1.4166666666666663,1.0,1.0,0.0,0.4137931034482758,1.0,0.0,0.0,0.0,0.0,normal
0.0,UDP,Unknown,S0,86.0,3195.0,0,0,0,0.0,0,0.0,0.0,0.0,0.0,0.0,0.0,0.0,0.0,0.0,0.0,0,0,0.0,0,0.0,1.0,27.0,27.0,27.0,27.0,-26.0,1.0,1.0,0.0,0.037037037037037,1.0,0.0,0.0,0.0,0.0,normal
58.086305,TCP,Unknown,SF,27142.0,3740.0,0,1,0,0.0,0,0.0,0.0,0.0,0.0,0.0,0.0,0.0,0.0,0.0,0.0,0,0,0.0909090909090909,0,0.0,11.0,11.0,11.0,11.0,1.0,0.0,1.0,1.0,0.0,1.0,1.0,0.0909090909090909,0.0909090909090909,0.0,0.0,normal
58.086305,TCP,Unknown,SF,27142.0,3740.0,0,1,0,0.0,0,0.0,0.0,0.0,0.0,0.0,0.0,0.0,0.0,0.0,0.0,0,0,0.0909090909090909,0,0.0,11.0,11.0,11.0,11.0,1.0,0.0,1.0,1.0,0.0,1.0,1.0,0.0909090909090909,0.0909090909090909,0.0,0.0,normal
58.086305,TCP,Unknown,SF,27142.0,3740.0,0,1,0,0.0,0,0.0,0.0,0.0,0.0,0.0,0.0,0.0,0.0,0.0,0.0,0,1,0.0909090909090909,0,0.0,11.0,11.0,11.0,11.0,1.0,0.0,1.0,1.0,0.0,1.0,1.0,0.0909090909090909,0.0909090909090909,0.0,0.0,normal
50.791822,UDP,Unknown,S0,4208.0,8018.0,0,1,0,0.0,0,0.0,0.0,0.0,0.0,0.0,0.0,0.0,0.0,0.0,0.0,0,0,0.0,0,0.0,12.0,29.0,29.0,29.0,2.4166666666666665,-1.4166666666666663,1.0,1.0,0.0,0.4137931034482758,1.0,0.0,0.0,0.0,0.0,normal
50.792038000000005,UDP,Unknown,S0,1710.0,8018.0,0,1,0,0.0,0,0.0,0.0,0.0,0.0,0.0,0.0,0.0,0.0,0.0,0.0,0,0,0.0,0,0.0,5.0,29.0,29.0,29.0,5.8,-4.8,1.0,1.0,0.0,0.1724137931034483,1.0,0.0,0.0,0.0,0.0,normal
12.700693,TCP,Unknown,ACK,899.0,26981.0,0,1,0,0.0,0,0.0,0.0,0.0,0.0,0.0,0.0,0.0,0.0,0.0,0.0,1,0,0.0341880341880341,0,0.0,11.0,105.0,117.0,105.0,9.545454545454543,-8.545454545454545,0.8974358974358975,0.8974358974358975,0.1025641025641025,0.094017094017094,0.8974358974358975,0.0341880341880341,0.0380952380952381,0.0,0.0,normal
12.700693,TCP,Unknown,SF,899.0,26981.0,0,1,0,0.0,0,0.0,0.0,0.0,0.0,0.0,0.0,0.0,0.0,0.0,0.0,0,0,0.0341880341880341,0,0.0,11.0,105.0,117.0,105.0,9.545454545454543,-8.545454545454545,0.8974358974358975,0.8974358974358975,0.1025641025641025,0.094017094017094,0.8974358974358975,0.0341880341880341,0.0380952380952381,0.0,0.0,normal
58.086305,TCP,Unknown,SF,27142.0,3740.0,0,1,0,0.0,0,0.0,0.0,0.0,0.0,0.0,0.0,0.0,0.0,0.0,0.0,0,0,0.0909090909090909,0,0.0,11.0,11.0,11.0,11.0,1.0,0.0,1.0,1.0,0.0,1.0,1.0,0.0909090909090909,0.0909090909090909,0.0,0.0,normal
12.700693,TCP,Unknown,ACK,899.0,26981.0,0,1,0,0.0,0,0.0,0.0,0.0,0.0,0.0,0.0,0.0,0.0,0.0,0.0,1,0,0.0341880341880341,0,0.0,11.0,105.0,117.0,105.0,9.545454545454543,-8.545454545454545,0.8974358974358975,0.8974358974358975,0.1025641025641025,0.094017094017094,0.8974358974358975,0.0341880341880341,0.0380952380952381,0.0,0.0,normal
50.791822,UDP,Unknown,S0,4208.0,8018.0,0,1,0,0.0,0,0.0,0.0,0.0,0.0,0.0,0.0,0.0,0.0,0.0,0.0,0,0,0.0,0,0.0,12.0,29.0,29.0,29.0,2.4166666666666665,-1.4166666666666663,1.0,1.0,0.0,0.4137931034482758,1.0,0.0,0.0,0.0,0.0,normal
50.792038000000005,UDP,Unknown,S0,1710.0,8018.0,0,1,0,0.0,0,0.0,0.0,0.0,0.0,0.0,0.0,0.0,0.0,0.0,0.0,0,0,0.0,0,0.0,5.0,29.0,29.0,29.0,5.8,-4.8,1.0,1.0,0.0,0.1724137931034483,1.0,0.0,0.0,0.0,0.0,normal
0.0,Unknown,Unknown,S0,0.0,0.0,0,0,0,0.0,0,0.0,0.0,0.0,0.0,0.0,0.0,0.0,0.0,0.0,0.0,0,0,0.0,0,0.0,0.0,0.0,0.0,0.0,0.0,1.0,0.0,0.0,1.0,0.0,0.0,0.0,0.0,0.0,0.0,normal
26.936941,UDP,Unknown,S0,362.0,3195.0,0,0,0,0.0,0,0.0,0.0,0.0,0.0,0.0,0.0,0.0,0.0,0.0,0.0,0,0,0.0,0,0.0,4.0,27.0,27.0,27.0,6.75,-5.75,1.0,1.0,0.0,0.1481481481481481,1.0,0.0,0.0,0.0,0.0,normal
1.063162999999996,TCP,Unknown,SF,1700.0,26981.0,0,1,0,0.0,0,0.0,0.0,0.0,0.0,0.0,0.0,0.0,0.0,0.0,0.0,0,0,0.0341880341880341,0,0.0,6.0,7.0,117.0,7.0,1.1666666666666667,-0.1666666666666667,0.0598290598290598,0.0598290598290598,0.9401709401709402,0.0512820512820512,0.0598290598290598,0.0341880341880341,0.0,0.0,0.0,normal
58.086305,TCP,Unknown,SF,27142.0,735.0,0,1,0,0.0,0,0.0,0.0,0.0,0.0,0.0,0.0,0.0,0.0,0.0,0.0,0,0,0.2,0,0.0,5.0,5.0,5.0,5.0,1.0,0.0,1.0,1.0,0.0,1.0,1.0,0.2,0.2,0.0,0.0,normal
58.086305,TCP,Unknown,SF,27142.0,735.0,0,1,0,0.0,0,0.0,0.0,0.0,0.0,0.0,0.0,0.0,0.0,0.0,0.0,0,0,0.2,0,0.0,5.0,5.0,5.0,5.0,1.0,0.0,1.0,1.0,0.0,1.0,1.0,0.2,0.2,0.0,0.0,normal
58.086305,TCP,Unknown,SF,27142.0,735.0,0,1,0,0.0,0,0.0,0.0,0.0,0.0,0.0,0.0,0.0,0.0,0.0,0.0,0,1,0.2,0,0.0,5.0,5.0,5.0,5.0,1.0,0.0,1.0,1.0,0.0,1.0,1.0,0.2,0.2,0.0,0.0,normal
1.063162999999996,TCP,Unknown,ACK,1700.0,26981.0,0,1,0,0.0,0,0.0,0.0,0.0,0.0,0.0,0.0,0.0,0.0,0.0,0.0,1,0,0.0341880341880341,0,0.0,6.0,7.0,117.0,7.0,1.1666666666666667,-0.1666666666666667,0.0598290598290598,0.0598290598290598,0.9401709401709402,0.0512820512820512,0.0598290598290598,0.0341880341880341,0.0,0.0,0.0,normal
1.063162999999996,TCP,Unknown,ACK,1700.0,26981.0,0,1,0,0.0,0,0.0,0.0,0.0,0.0,0.0,0.0,0.0,0.0,0.0,0.0,1,0,0.0341880341880341,0,0.0,6.0,7.0,117.0,7.0,1.1666666666666667,-0.1666666666666667,0.0598290598290598,0.0598290598290598,0.9401709401709402,0.0512820512820512,0.0598290598290598,0.0341880341880341,0.0,0.0,0.0,normal
1.063162999999996,TCP,Unknown,SF,1700.0,26981.0,0,1,0,0.0,0,0.0,0.0,0.0,0.0,0.0,0.0,0.0,0.0,0.0,0.0,0,0,0.0341880341880341,0,0.0,6.0,7.0,117.0,7.0,1.1666666666666667,-0.1666666666666667,0.0598290598290598,0.0598290598290598,0.9401709401709402,0.0512820512820512,0.0598290598290598,0.0341880341880341,0.0,0.0,0.0,normal
58.086305,TCP,Unknown,SF,27142.0,735.0,0,1,0,0.0,0,0.0,0.0,0.0,0.0,0.0,0.0,0.0,0.0,0.0,0.0,0,0,0.2,0,0.0,5.0,5.0,5.0,5.0,1.0,0.0,1.0,1.0,0.0,1.0,1.0,0.2,0.2,0.0,0.0,normal
1.063162999999996,TCP,Unknown,ACK,1700.0,26981.0,0,1,0,0.0,0,0.0,0.0,0.0,0.0,0.0,0.0,0.0,0.0,0.0,0.0,1,0,0.0341880341880341,0,0.0,6.0,7.0,117.0,7.0,1.1666666666666667,-0.1666666666666667,0.0598290598290598,0.0598290598290598,0.9401709401709402,0.0512820512820512,0.0598290598290598,0.0341880341880341,0.0,0.0,0.0,normal
1.063162999999996,TCP,Unknown,SF,1700.0,26981.0,0,1,0,0.0,0,0.0,0.0,0.0,0.0,0.0,0.0,0.0,0.0,0.0,0.0,0,0,0.0341880341880341,0,0.0,6.0,7.0,117.0,7.0,1.1666666666666667,-0.1666666666666667,0.0598290598290598,0.0598290598290598,0.9401709401709402,0.0512820512820512,0.0598290598290598,0.0341880341880341,0.0,0.0,0.0,normal
58.086305,TCP,Unknown,S1,27142.0,2229.0,0,1,0,0.0,0,0.0,0.0,0.0,0.0,0.0,0.0,0.0,0.0,0.0,0.0,0,0,0.1875,0,0.0,16.0,16.0,16.0,16.0,1.0,0.0,1.0,1.0,0.0,1.0,1.0,0.1875,0.1875,0.0,0.0,normal
58.086305,TCP,Unknown,S1,27142.0,2649.0,0,1,0,0.0,0,0.0,0.0,0.0,0.0,0.0,0.0,0.0,0.0,0.0,0.0,0,0,0.0434782608695652,0,0.0,23.0,23.0,23.0,23.0,1.0,0.0,1.0,1.0,0.0,1.0,1.0,0.0434782608695652,0.0434782608695652,0.0,0.0,normal
58.086305,TCP,Unknown,S1,27142.0,2649.0,0,1,0,0.0,0,0.0,0.0,0.0,0.0,0.0,0.0,0.0,0.0,0.0,0.0,0,0,0.0434782608695652,0,0.0,23.0,23.0,23.0,23.0,1.0,0.0,1.0,1.0,0.0,1.0,1.0,0.0434782608695652,0.0434782608695652,0.0,0.0,normal
58.086305,TCP,Unknown,S1,27142.0,1372.0,0,1,0,0.0,0,0.0,0.0,0.0,0.0,0.0,0.0,0.0,0.0,0.0,0.0,0,0,0.0,0,0.0,10.0,10.0,10.0,10.0,1.0,0.0,1.0,1.0,0.0,1.0,1.0,0.0,0.0,0.0,0.0,normal
58.086305,TCP,Unknown,S1,27142.0,2193.0,0,1,0,0.0,0,0.0,0.0,0.0,0.0,0.0,0.0,0.0,0.0,0.0,0.0,0,0,0.1111111111111111,0,0.0,18.0,18.0,18.0,18.0,1.0,0.0,1.0,1.0,0.0,1.0,1.0,0.1111111111111111,0.1111111111111111,0.0,0.0,normal
1.245556999999998,TCP,Unknown,S2,1598.0,26981.0,0,1,0,0.0,0,0.0,0.0,0.0,0.0,0.0,0.0,0.0,0.0,0.0,0.0,0,0,0.0341880341880341,0,0.0,13.0,105.0,117.0,105.0,8.076923076923077,-7.076923076923077,0.8974358974358975,0.8974358974358975,0.1025641025641025,0.1111111111111111,0.8974358974358975,0.0341880341880341,0.0380952380952381,0.0,0.0,normal
1.5639059999999958,TCP,Unknown,S2,7174.0,26981.0,0,1,0,0.0,0,0.0,0.0,0.0,0.0,0.0,0.0,0.0,0.0,0.0,0.0,0,0,0.0341880341880341,0,0.0,24.0,105.0,117.0,105.0,4.375,-3.375,0.8974358974358975,0.8974358974358975,0.1025641025641025,0.2051282051282051,0.8974358974358975,0.0341880341880341,0.0380952380952381,0.0,0.0,normal
58.086305,TCP,Unknown,ACK,27142.0,2229.0,0,1,0,0.0,0,0.0,0.0,0.0,0.0,0.0,0.0,0.0,0.0,0.0,0.0,1,0,0.1875,0,0.0,16.0,16.0,16.0,16.0,1.0,0.0,1.0,1.0,0.0,1.0,1.0,0.1875,0.1875,0.0,0.0,normal
58.086305,TCP,Unknown,ACK,27142.0,2649.0,0,1,0,0.0,0,0.0,0.0,0.0,0.0,0.0,0.0,0.0,0.0,0.0,0.0,1,0,0.0434782608695652,0,0.0,23.0,23.0,23.0,23.0,1.0,0.0,1.0,1.0,0.0,1.0,1.0,0.0434782608695652,0.0434782608695652,0.0,0.0,normal
1.5639059999999958,TCP,Unknown,S2,7174.0,26981.0,0,1,0,0.0,0,0.0,0.0,0.0,0.0,0.0,0.0,0.0,0.0,0.0,0.0,0,0,0.0341880341880341,0,0.0,24.0,105.0,117.0,105.0,4.375,-3.375,0.8974358974358975,0.8974358974358975,0.1025641025641025,0.2051282051282051,0.8974358974358975,0.0341880341880341,0.0380952380952381,0.0,0.0,normal
1.565565999999997,TCP,Unknown,S2,1507.0,26981.0,0,1,0,0.0,0,0.0,0.0,0.0,0.0,0.0,0.0,0.0,0.0,0.0,0.0,0,0,0.0341880341880341,0,0.0,11.0,105.0,117.0,105.0,9.545454545454543,-8.545454545454545,0.8974358974358975,0.8974358974358975,0.1025641025641025,0.094017094017094,0.8974358974358975,0.0341880341880341,0.0380952380952381,0.0,0.0,normal
58.086305,TCP,Unknown,ACK,27142.0,2649.0,0,1,0,0.0,0,0.0,0.0,0.0,0.0,0.0,0.0,0.0,0.0,0.0,0.0,1,0,0.0434782608695652,0,0.0,23.0,23.0,23.0,23.0,1.0,0.0,1.0,1.0,0.0,1.0,1.0,0.0434782608695652,0.0434782608695652,0.0,0.0,normal
58.086305,TCP,Unknown,ACK,27142.0,1372.0,0,1,0,0.0,0,0.0,0.0,0.0,0.0,0.0,0.0,0.0,0.0,0.0,0.0,1,0,0.0,0,0.0,10.0,10.0,10.0,10.0,1.0,0.0,1.0,1.0,0.0,1.0,1.0,0.0,0.0,0.0,0.0,normal
1.8311860000000024,TCP,Unknown,S2,4980.0,26981.0,0,1,0,0.0,0,0.0,0.0,0.0,0.0,0.0,0.0,0.0,0.0,0.0,0.0,0,0,0.0341880341880341,0,0.0,19.0,105.0,117.0,105.0,5.526315789473684,-4.526315789473684,0.8974358974358975,0.8974358974358975,0.1025641025641025,0.1623931623931624,0.8974358974358975,0.0341880341880341,0.0380952380952381,0.0,0.0,normal
58.086305,TCP,Unknown,ACK,27142.0,2193.0,0,1,0,0.0,0,0.0,0.0,0.0,0.0,0.0,0.0,0.0,0.0,0.0,0.0,1,0,0.1111111111111111,0,0.0,18.0,18.0,18.0,18.0,1.0,0.0,1.0,1.0,0.0,1.0,1.0,0.1111111111111111,0.1111111111111111,0.0,0.0,normal
58.086305,TCP,Unknown,SF,27142.0,2229.0,0,1,0,0.0,0,0.0,0.0,0.0,0.0,0.0,0.0,0.0,0.0,0.0,0.0,0,0,0.1875,0,0.0,16.0,16.0,16.0,16.0,1.0,0.0,1.0,1.0,0.0,1.0,1.0,0.1875,0.1875,0.0,0.0,normal
58.086305,TCP,Unknown,SF,27142.0,2649.0,0,1,0,0.0,0,0.0,0.0,0.0,0.0,0.0,0.0,0.0,0.0,0.0,0.0,0,0,0.0434782608695652,0,0.0,23.0,23.0,23.0,23.0,1.0,0.0,1.0,1.0,0.0,1.0,1.0,0.0434782608695652,0.0434782608695652,0.0,0.0,normal
58.086305,TCP,Unknown,SF,27142.0,1372.0,0,1,0,0.0,0,0.0,0.0,0.0,0.0,0.0,0.0,0.0,0.0,0.0,0.0,0,0,0.0,0,0.0,10.0,10.0,10.0,10.0,1.0,0.0,1.0,1.0,0.0,1.0,1.0,0.0,0.0,0.0,0.0,normal
58.086305,TCP,Unknown,SF,27142.0,2193.0,0,1,0,0.0,0,0.0,0.0,0.0,0.0,0.0,0.0,0.0,0.0,0.0,0.0,0,0,0.1111111111111111,0,0.0,18.0,18.0,18.0,18.0,1.0,0.0,1.0,1.0,0.0,1.0,1.0,0.1111111111111111,0.1111111111111111,0.0,0.0,normal
58.086305,TCP,Unknown,SF,27142.0,2649.0,0,1,0,0.0,0,0.0,0.0,0.0,0.0,0.0,0.0,0.0,0.0,0.0,0.0,0,0,0.0434782608695652,0,0.0,23.0,23.0,23.0,23.0,1.0,0.0,1.0,1.0,0.0,1.0,1.0,0.0434782608695652,0.0434782608695652,0.0,0.0,normal
1.245556999999998,TCP,Unknown,ACK,1598.0,26981.0,0,1,0,0.0,0,0.0,0.0,0.0,0.0,0.0,0.0,0.0,0.0,0.0,0.0,1,0,0.0341880341880341,0,0.0,13.0,105.0,117.0,105.0,8.076923076923077,-7.076923076923077,0.8974358974358975,0.8974358974358975,0.1025641025641025,0.1111111111111111,0.8974358974358975,0.0341880341880341,0.0380952380952381,0.0,0.0,normal
1.5639059999999958,TCP,Unknown,ACK,7174.0,26981.0,0,1,0,0.0,0,0.0,0.0,0.0,0.0,0.0,0.0,0.0,0.0,0.0,0.0,1,0,0.0341880341880341,0,0.0,24.0,105.0,117.0,105.0,4.375,-3.375,0.8974358974358975,0.8974358974358975,0.1025641025641025,0.2051282051282051,0.8974358974358975,0.0341880341880341,0.0380952380952381,0.0,0.0,normal
1.565565999999997,TCP,Unknown,ACK,1507.0,26981.0,0,1,0,0.0,0,0.0,0.0,0.0,0.0,0.0,0.0,0.0,0.0,0.0,0.0,1,0,0.0341880341880341,0,0.0,11.0,105.0,117.0,105.0,9.545454545454543,-8.545454545454545,0.8974358974358975,0.8974358974358975,0.1025641025641025,0.094017094017094,0.8974358974358975,0.0341880341880341,0.0380952380952381,0.0,0.0,normal
1.8311860000000024,TCP,Unknown,ACK,4980.0,26981.0,0,1,0,0.0,0,0.0,0.0,0.0,0.0,0.0,0.0,0.0,0.0,0.0,0.0,1,0,0.0341880341880341,0,0.0,19.0,105.0,117.0,105.0,5.526315789473684,-4.526315789473684,0.8974358974358975,0.8974358974358975,0.1025641025641025,0.1623931623931624,0.8974358974358975,0.0341880341880341,0.0380952380952381,0.0,0.0,normal
1.5639059999999958,TCP,Unknown,ACK,7174.0,26981.0,0,1,0,0.0,0,0.0,0.0,0.0,0.0,0.0,0.0,0.0,0.0,0.0,0.0,1,0,0.0341880341880341,0,0.0,24.0,105.0,117.0,105.0,4.375,-3.375,0.8974358974358975,0.8974358974358975,0.1025641025641025,0.2051282051282051,0.8974358974358975,0.0341880341880341,0.0380952380952381,0.0,0.0,normal
58.086305,TCP,Unknown,ACK,27142.0,735.0,0,1,0,0.0,0,0.0,0.0,0.0,0.0,0.0,0.0,0.0,0.0,0.0,0.0,1,0,0.2,0,0.0,5.0,5.0,5.0,5.0,1.0,0.0,1.0,1.0,0.0,1.0,1.0,0.2,0.2,0.0,0.0,normal
1.245556999999998,TCP,Unknown,SF,1598.0,26981.0,0,1,0,0.0,0,0.0,0.0,0.0,0.0,0.0,0.0,0.0,0.0,0.0,0.0,0,0,0.0341880341880341,0,0.0,13.0,105.0,117.0,105.0,8.076923076923077,-7.076923076923077,0.8974358974358975,0.8974358974358975,0.1025641025641025,0.1111111111111111,0.8974358974358975,0.0341880341880341,0.0380952380952381,0.0,0.0,normal
58.086305,TCP,Unknown,ACK,27142.0,2229.0,0,1,0,0.0,0,0.0,0.0,0.0,0.0,0.0,0.0,0.0,0.0,0.0,0.0,1,0,0.1875,0,0.0,16.0,16.0,16.0,16.0,1.0,0.0,1.0,1.0,0.0,1.0,1.0,0.1875,0.1875,0.0,0.0,normal
58.086305,TCP,Unknown,SF,27142.0,2229.0,0,1,0,0.0,0,0.0,0.0,0.0,0.0,0.0,0.0,0.0,0.0,0.0,0.0,0,0,0.1875,0,0.0,16.0,16.0,16.0,16.0,1.0,0.0,1.0,1.0,0.0,1.0,1.0,0.1875,0.1875,0.0,0.0,normal
58.086305,TCP,Unknown,SF,27142.0,2229.0,0,1,0,0.0,0,0.0,0.0,0.0,0.0,0.0,0.0,0.0,0.0,0.0,0.0,0,0,0.1875,0,0.0,16.0,16.0,16.0,16.0,1.0,0.0,1.0,1.0,0.0,1.0,1.0,0.1875,0.1875,0.0,0.0,normal
1.245556999999998,TCP,Unknown,ACK,1598.0,26981.0,0,1,0,0.0,0,0.0,0.0,0.0,0.0,0.0,0.0,0.0,0.0,0.0,0.0,1,0,0.0341880341880341,0,0.0,13.0,105.0,117.0,105.0,8.076923076923077,-7.076923076923077,0.8974358974358975,0.8974358974358975,0.1025641025641025,0.1111111111111111,0.8974358974358975,0.0341880341880341,0.0380952380952381,0.0,0.0,normal
1.245556999999998,TCP,Unknown,SF,1598.0,26981.0,0,1,0,0.0,0,0.0,0.0,0.0,0.0,0.0,0.0,0.0,0.0,0.0,0.0,0,0,0.0341880341880341,0,0.0,13.0,105.0,117.0,105.0,8.076923076923077,-7.076923076923077,0.8974358974358975,0.8974358974358975,0.1025641025641025,0.1111111111111111,0.8974358974358975,0.0341880341880341,0.0380952380952381,0.0,0.0,normal
58.086305,TCP,Unknown,ACK,27142.0,2229.0,0,1,0,0.0,0,0.0,0.0,0.0,0.0,0.0,0.0,0.0,0.0,0.0,0.0,1,0,0.1875,0,0.0,16.0,16.0,16.0,16.0,1.0,0.0,1.0,1.0,0.0,1.0,1.0,0.1875,0.1875,0.0,0.0,normal
58.086305,TCP,Unknown,SF,27142.0,2229.0,0,1,0,0.0,0,0.0,0.0,0.0,0.0,0.0,0.0,0.0,0.0,0.0,0.0,0,0,0.1875,0,0.0,16.0,16.0,16.0,16.0,1.0,0.0,1.0,1.0,0.0,1.0,1.0,0.1875,0.1875,0.0,0.0,normal
58.086305,TCP,Unknown,SF,27142.0,2229.0,0,1,0,0.0,0,0.0,0.0,0.0,0.0,0.0,0.0,0.0,0.0,0.0,0.0,0,0,0.1875,0,0.0,16.0,16.0,16.0,16.0,1.0,0.0,1.0,1.0,0.0,1.0,1.0,0.1875,0.1875,0.0,0.0,normal
58.086305,TCP,Unknown,SF,27142.0,2229.0,0,1,0,0.0,0,0.0,0.0,0.0,0.0,0.0,0.0,0.0,0.0,0.0,0.0,0,1,0.1875,0,0.0,16.0,16.0,16.0,16.0,1.0,0.0,1.0,1.0,0.0,1.0,1.0,0.1875,0.1875,0.0,0.0,normal
58.086305,TCP,Unknown,SF,27142.0,2229.0,0,1,0,0.0,0,0.0,0.0,0.0,0.0,0.0,0.0,0.0,0.0,0.0,0.0,0,1,0.1875,0,0.0,16.0,16.0,16.0,16.0,1.0,0.0,1.0,1.0,0.0,1.0,1.0,0.1875,0.1875,0.0,0.0,normal
58.086305,TCP,Unknown,SF,27142.0,2229.0,0,1,0,0.0,0,0.0,0.0,0.0,0.0,0.0,0.0,0.0,0.0,0.0,0.0,0,1,0.1875,0,0.0,16.0,16.0,16.0,16.0,1.0,0.0,1.0,1.0,0.0,1.0,1.0,0.1875,0.1875,0.0,0.0,normal
1.5639059999999958,TCP,Unknown,SF,7174.0,26981.0,0,1,0,0.0,0,0.0,0.0,0.0,0.0,0.0,0.0,0.0,0.0,0.0,0.0,0,0,0.0341880341880341,0,0.0,24.0,105.0,117.0,105.0,4.375,-3.375,0.8974358974358975,0.8974358974358975,0.1025641025641025,0.2051282051282051,0.8974358974358975,0.0341880341880341,0.0380952380952381,0.0,0.0,normal
1.5639059999999958,TCP,Unknown,SF,7174.0,26981.0,0,1,0,0.0,0,0.0,0.0,0.0,0.0,0.0,0.0,0.0,0.0,0.0,0.0,0,0,0.0341880341880341,0,0.0,24.0,105.0,117.0,105.0,4.375,-3.375,0.8974358974358975,0.8974358974358975,0.1025641025641025,0.2051282051282051,0.8974358974358975,0.0341880341880341,0.0380952380952381,0.0,0.0,normal
1.5639059999999958,TCP,Unknown,ACK,7174.0,26981.0,0,1,0,0.0,0,0.0,0.0,0.0,0.0,0.0,0.0,0.0,0.0,0.0,0.0,1,0,0.0341880341880341,0,0.0,24.0,105.0,117.0,105.0,4.375,-3.375,0.8974358974358975,0.8974358974358975,0.1025641025641025,0.2051282051282051,0.8974358974358975,0.0341880341880341,0.0380952380952381,0.0,0.0,normal
1.5639059999999958,TCP,Unknown,SF,7174.0,26981.0,0,1,0,0.0,0,0.0,0.0,0.0,0.0,0.0,0.0,0.0,0.0,0.0,0.0,0,0,0.0341880341880341,0,0.0,24.0,105.0,117.0,105.0,4.375,-3.375,0.8974358974358975,0.8974358974358975,0.1025641025641025,0.2051282051282051,0.8974358974358975,0.0341880341880341,0.0380952380952381,0.0,0.0,normal
58.086305,TCP,Unknown,ACK,27142.0,2649.0,0,1,0,0.0,0,0.0,0.0,0.0,0.0,0.0,0.0,0.0,0.0,0.0,0.0,1,0,0.0434782608695652,0,0.0,23.0,23.0,23.0,23.0,1.0,0.0,1.0,1.0,0.0,1.0,1.0,0.0434782608695652,0.0434782608695652,0.0,0.0,normal
58.086305,TCP,Unknown,ACK,27142.0,2649.0,0,1,0,0.0,0,0.0,0.0,0.0,0.0,0.0,0.0,0.0,0.0,0.0,0.0,1,0,0.0434782608695652,0,0.0,23.0,23.0,23.0,23.0,1.0,0.0,1.0,1.0,0.0,1.0,1.0,0.0434782608695652,0.0434782608695652,0.0,0.0,normal
58.086305,TCP,Unknown,SF,27142.0,2649.0,0,1,0,0.0,0,0.0,0.0,0.0,0.0,0.0,0.0,0.0,0.0,0.0,0.0,0,0,0.0434782608695652,0,0.0,23.0,23.0,23.0,23.0,1.0,0.0,1.0,1.0,0.0,1.0,1.0,0.0434782608695652,0.0434782608695652,0.0,0.0,normal
1.245556999999998,TCP,Unknown,ACK,1598.0,26981.0,0,1,0,0.0,0,0.0,0.0,0.0,0.0,0.0,0.0,0.0,0.0,0.0,0.0,1,0,0.0341880341880341,0,0.0,13.0,105.0,117.0,105.0,8.076923076923077,-7.076923076923077,0.8974358974358975,0.8974358974358975,0.1025641025641025,0.1111111111111111,0.8974358974358975,0.0341880341880341,0.0380952380952381,0.0,0.0,normal
1.245556999999998,TCP,Unknown,ACK,1598.0,26981.0,0,1,0,0.0,0,0.0,0.0,0.0,0.0,0.0,0.0,0.0,0.0,0.0,0.0,1,0,0.0341880341880341,0,0.0,13.0,105.0,117.0,105.0,8.076923076923077,-7.076923076923077,0.8974358974358975,0.8974358974358975,0.1025641025641025,0.1111111111111111,0.8974358974358975,0.0341880341880341,0.0380952380952381,0.0,0.0,normal
1.245556999999998,TCP,Unknown,SF,1598.0,26981.0,0,1,0,0.0,0,0.0,0.0,0.0,0.0,0.0,0.0,0.0,0.0,0.0,0.0,0,0,0.0341880341880341,0,0.0,13.0,105.0,117.0,105.0,8.076923076923077,-7.076923076923077,0.8974358974358975,0.8974358974358975,0.1025641025641025,0.1111111111111111,0.8974358974358975,0.0341880341880341,0.0380952380952381,0.0,0.0,normal
1.245556999999998,TCP,Unknown,SF,1598.0,26981.0,0,1,0,0.0,0,0.0,0.0,0.0,0.0,0.0,0.0,0.0,0.0,0.0,0.0,0,0,0.0341880341880341,0,0.0,13.0,105.0,117.0,105.0,8.076923076923077,-7.076923076923077,0.8974358974358975,0.8974358974358975,0.1025641025641025,0.1111111111111111,0.8974358974358975,0.0341880341880341,0.0380952380952381,0.0,0.0,normal
1.245556999999998,TCP,Unknown,SF,1598.0,26981.0,0,1,0,0.0,0,0.0,0.0,0.0,0.0,0.0,0.0,0.0,0.0,0.0,0.0,0,0,0.0341880341880341,0,0.0,13.0,105.0,117.0,105.0,8.076923076923077,-7.076923076923077,0.8974358974358975,0.8974358974358975,0.1025641025641025,0.1111111111111111,0.8974358974358975,0.0341880341880341,0.0380952380952381,0.0,0.0,normal
1.565565999999997,TCP,Unknown,SF,1507.0,26981.0,0,1,0,0.0,0,0.0,0.0,0.0,0.0,0.0,0.0,0.0,0.0,0.0,0.0,0,0,0.0341880341880341,0,0.0,11.0,105.0,117.0,105.0,9.545454545454543,-8.545454545454545,0.8974358974358975,0.8974358974358975,0.1025641025641025,0.094017094017094,0.8974358974358975,0.0341880341880341,0.0380952380952381,0.0,0.0,normal
1.245556999999998,TCP,Unknown,ACK,1598.0,26981.0,0,1,0,0.0,0,0.0,0.0,0.0,0.0,0.0,0.0,0.0,0.0,0.0,0.0,1,0,0.0341880341880341,0,0.0,13.0,105.0,117.0,105.0,8.076923076923077,-7.076923076923077,0.8974358974358975,0.8974358974358975,0.1025641025641025,0.1111111111111111,0.8974358974358975,0.0341880341880341,0.0380952380952381,0.0,0.0,normal
1.8311860000000024,TCP,Unknown,SF,4980.0,26981.0,0,1,0,0.0,0,0.0,0.0,0.0,0.0,0.0,0.0,0.0,0.0,0.0,0.0,0,0,0.0341880341880341,0,0.0,19.0,105.0,117.0,105.0,5.526315789473684,-4.526315789473684,0.8974358974358975,0.8974358974358975,0.1025641025641025,0.1623931623931624,0.8974358974358975,0.0341880341880341,0.0380952380952381,0.0,0.0,normal
1.5639059999999958,TCP,Unknown,SF,7174.0,26981.0,0,1,0,0.0,0,0.0,0.0,0.0,0.0,0.0,0.0,0.0,0.0,0.0,0.0,0,1,0.0341880341880341,0,0.0,24.0,105.0,117.0,105.0,4.375,-3.375,0.8974358974358975,0.8974358974358975,0.1025641025641025,0.2051282051282051,0.8974358974358975,0.0341880341880341,0.0380952380952381,0.0,0.0,normal
1.5639059999999958,TCP,Unknown,SF,7174.0,26981.0,0,1,0,0.0,0,0.0,0.0,0.0,0.0,0.0,0.0,0.0,0.0,0.0,0.0,0,1,0.0341880341880341,0,0.0,24.0,105.0,117.0,105.0,4.375,-3.375,0.8974358974358975,0.8974358974358975,0.1025641025641025,0.2051282051282051,0.8974358974358975,0.0341880341880341,0.0380952380952381,0.0,0.0,normal
1.245556999999998,TCP,Unknown,SF,1598.0,26981.0,0,1,0,0.0,0,0.0,0.0,0.0,0.0,0.0,0.0,0.0,0.0,0.0,0.0,0,1,0.0341880341880341,0,0.0,13.0,105.0,117.0,105.0,8.076923076923077,-7.076923076923077,0.8974358974358975,0.8974358974358975,0.1025641025641025,0.1111111111111111,0.8974358974358975,0.0341880341880341,0.0380952380952381,0.0,0.0,normal
1.565565999999997,TCP,Unknown,SF,1507.0,26981.0,0,1,0,0.0,0,0.0,0.0,0.0,0.0,0.0,0.0,0.0,0.0,0.0,0.0,0,1,0.0341880341880341,0,0.0,11.0,105.0,117.0,105.0,9.545454545454543,-8.545454545454545,0.8974358974358975,0.8974358974358975,0.1025641025641025,0.094017094017094,0.8974358974358975,0.0341880341880341,0.0380952380952381,0.0,0.0,normal
58.086305,TCP,Unknown,ACK,27142.0,2229.0,0,1,0,0.0,0,0.0,0.0,0.0,0.0,0.0,0.0,0.0,0.0,0.0,0.0,1,0,0.1875,0,0.0,16.0,16.0,16.0,16.0,1.0,0.0,1.0,1.0,0.0,1.0,1.0,0.1875,0.1875,0.0,0.0,normal
58.086305,TCP,Unknown,ACK,27142.0,2229.0,0,1,0,0.0,0,0.0,0.0,0.0,0.0,0.0,0.0,0.0,0.0,0.0,0.0,1,0,0.1875,0,0.0,16.0,16.0,16.0,16.0,1.0,0.0,1.0,1.0,0.0,1.0,1.0,0.1875,0.1875,0.0,0.0,normal
58.086305,TCP,Unknown,ACK,27142.0,2229.0,0,1,0,0.0,0,0.0,0.0,0.0,0.0,0.0,0.0,0.0,0.0,0.0,0.0,1,0,0.1875,0,0.0,16.0,16.0,16.0,16.0,1.0,0.0,1.0,1.0,0.0,1.0,1.0,0.1875,0.1875,0.0,0.0,normal
58.086305,TCP,Unknown,ACK,27142.0,2649.0,0,1,0,0.0,0,0.0,0.0,0.0,0.0,0.0,0.0,0.0,0.0,0.0,0.0,1,0,0.0434782608695652,0,0.0,23.0,23.0,23.0,23.0,1.0,0.0,1.0,1.0,0.0,1.0,1.0,0.0434782608695652,0.0434782608695652,0.0,0.0,normal
58.086305,TCP,Unknown,ACK,27142.0,2649.0,0,1,0,0.0,0,0.0,0.0,0.0,0.0,0.0,0.0,0.0,0.0,0.0,0.0,1,0,0.0434782608695652,0,0.0,23.0,23.0,23.0,23.0,1.0,0.0,1.0,1.0,0.0,1.0,1.0,0.0434782608695652,0.0434782608695652,0.0,0.0,normal
58.086305,TCP,Unknown,ACK,27142.0,2229.0,0,1,0,0.0,0,0.0,0.0,0.0,0.0,0.0,0.0,0.0,0.0,0.0,0.0,1,0,0.1875,0,0.0,16.0,16.0,16.0,16.0,1.0,0.0,1.0,1.0,0.0,1.0,1.0,0.1875,0.1875,0.0,0.0,normal
58.086305,TCP,Unknown,ACK,27142.0,1372.0,0,1,0,0.0,0,0.0,0.0,0.0,0.0,0.0,0.0,0.0,0.0,0.0,0.0,1,0,0.0,0,0.0,10.0,10.0,10.0,10.0,1.0,0.0,1.0,1.0,0.0,1.0,1.0,0.0,0.0,0.0,0.0,normal
58.086305,TCP,Unknown,ACK,27142.0,2193.0,0,1,0,0.0,0,0.0,0.0,0.0,0.0,0.0,0.0,0.0,0.0,0.0,0.0,1,0,0.1111111111111111,0,0.0,18.0,18.0,18.0,18.0,1.0,0.0,1.0,1.0,0.0,1.0,1.0,0.1111111111111111,0.1111111111111111,0.0,0.0,normal
58.086305,TCP,Unknown,SF,27142.0,2193.0,0,1,0,0.0,0,0.0,0.0,0.0,0.0,0.0,0.0,0.0,0.0,0.0,0.0,0,0,0.1111111111111111,0,0.0,18.0,18.0,18.0,18.0,1.0,0.0,1.0,1.0,0.0,1.0,1.0,0.1111111111111111,0.1111111111111111,0.0,0.0,normal
58.086305,TCP,Unknown,SF,27142.0,1372.0,0,1,0,0.0,0,0.0,0.0,0.0,0.0,0.0,0.0,0.0,0.0,0.0,0.0,0,0,0.0,0,0.0,10.0,10.0,10.0,10.0,1.0,0.0,1.0,1.0,0.0,1.0,1.0,0.0,0.0,0.0,0.0,normal
58.086305,TCP,Unknown,SF,27142.0,2649.0,0,1,0,0.0,0,0.0,0.0,0.0,0.0,0.0,0.0,0.0,0.0,0.0,0.0,0,0,0.0434782608695652,0,0.0,23.0,23.0,23.0,23.0,1.0,0.0,1.0,1.0,0.0,1.0,1.0,0.0434782608695652,0.0434782608695652,0.0,0.0,normal
1.245556999999998,TCP,Unknown,ACK,1598.0,26981.0,0,1,0,0.0,0,0.0,0.0,0.0,0.0,0.0,0.0,0.0,0.0,0.0,0.0,1,0,0.0341880341880341,0,0.0,13.0,105.0,117.0,105.0,8.076923076923077,-7.076923076923077,0.8974358974358975,0.8974358974358975,0.1025641025641025,0.1111111111111111,0.8974358974358975,0.0341880341880341,0.0380952380952381,0.0,0.0,normal
1.5639059999999958,TCP,Unknown,ACK,7174.0,26981.0,0,1,0,0.0,0,0.0,0.0,0.0,0.0,0.0,0.0,0.0,0.0,0.0,0.0,1,0,0.0341880341880341,0,0.0,24.0,105.0,117.0,105.0,4.375,-3.375,0.8974358974358975,0.8974358974358975,0.1025641025641025,0.2051282051282051,0.8974358974358975,0.0341880341880341,0.0380952380952381,0.0,0.0,normal
1.565565999999997,TCP,Unknown,ACK,1507.0,26981.0,0,1,0,0.0,0,0.0,0.0,0.0,0.0,0.0,0.0,0.0,0.0,0.0,0.0,1,0,0.0341880341880341,0,0.0,11.0,105.0,117.0,105.0,9.545454545454543,-8.545454545454545,0.8974358974358975,0.8974358974358975,0.1025641025641025,0.094017094017094,0.8974358974358975,0.0341880341880341,0.0380952380952381,0.0,0.0,normal
1.8311860000000024,TCP,Unknown,ACK,4980.0,26981.0,0,1,0,0.0,0,0.0,0.0,0.0,0.0,0.0,0.0,0.0,0.0,0.0,0.0,1,0,0.0341880341880341,0,0.0,19.0,105.0,117.0,105.0,5.526315789473684,-4.526315789473684,0.8974358974358975,0.8974358974358975,0.1025641025641025,0.1623931623931624,0.8974358974358975,0.0341880341880341,0.0380952380952381,0.0,0.0,normal
1.5639059999999958,TCP,Unknown,ACK,7174.0,26981.0,0,1,0,0.0,0,0.0,0.0,0.0,0.0,0.0,0.0,0.0,0.0,0.0,0.0,1,0,0.0341880341880341,0,0.0,24.0,105.0,117.0,105.0,4.375,-3.375,0.8974358974358975,0.8974358974358975,0.1025641025641025,0.2051282051282051,0.8974358974358975,0.0341880341880341,0.0380952380952381,0.0,0.0,normal
58.086305,TCP,Unknown,SF,27142.0,2649.0,0,1,0,0.0,0,0.0,0.0,0.0,0.0,0.0,0.0,0.0,0.0,0.0,0.0,0,0,0.0434782608695652,0,0.0,23.0,23.0,23.0,23.0,1.0,0.0,1.0,1.0,0.0,1.0,1.0,0.0434782608695652,0.0434782608695652,0.0,0.0,normal
58.086305,TCP,Unknown,SF,27142.0,2649.0,0,1,0,0.0,0,0.0,0.0,0.0,0.0,0.0,0.0,0.0,0.0,0.0,0.0,0,0,0.0434782608695652,0,0.0,23.0,23.0,23.0,23.0,1.0,0.0,1.0,1.0,0.0,1.0,1.0,0.0434782608695652,0.0434782608695652,0.0,0.0,normal
58.086305,TCP,Unknown,SF,27142.0,2649.0,0,1,0,0.0,0,0.0,0.0,0.0,0.0,0.0,0.0,0.0,0.0,0.0,0.0,0,0,0.0434782608695652,0,0.0,23.0,23.0,23.0,23.0,1.0,0.0,1.0,1.0,0.0,1.0,1.0,0.0434782608695652,0.0434782608695652,0.0,0.0,normal
58.086305,TCP,Unknown,SF,27142.0,1372.0,0,1,0,0.0,0,0.0,0.0,0.0,0.0,0.0,0.0,0.0,0.0,0.0,0.0,0,0,0.0,0,0.0,10.0,10.0,10.0,10.0,1.0,0.0,1.0,1.0,0.0,1.0,1.0,0.0,0.0,0.0,0.0,normal
58.086305,TCP,Unknown,SF,27142.0,2193.0,0,1,0,0.0,0,0.0,0.0,0.0,0.0,0.0,0.0,0.0,0.0,0.0,0.0,0,0,0.1111111111111111,0,0.0,18.0,18.0,18.0,18.0,1.0,0.0,1.0,1.0,0.0,1.0,1.0,0.1111111111111111,0.1111111111111111,0.0,0.0,normal
58.086305,TCP,Unknown,SF,27142.0,2649.0,0,1,0,0.0,0,0.0,0.0,0.0,0.0,0.0,0.0,0.0,0.0,0.0,0.0,0,0,0.0434782608695652,0,0.0,23.0,23.0,23.0,23.0,1.0,0.0,1.0,1.0,0.0,1.0,1.0,0.0434782608695652,0.0434782608695652,0.0,0.0,normal
58.086305,TCP,Unknown,SF,27142.0,1372.0,0,1,0,0.0,0,0.0,0.0,0.0,0.0,0.0,0.0,0.0,0.0,0.0,0.0,0,0,0.0,0,0.0,10.0,10.0,10.0,10.0,1.0,0.0,1.0,1.0,0.0,1.0,1.0,0.0,0.0,0.0,0.0,normal
58.086305,TCP,Unknown,SF,27142.0,2193.0,0,1,0,0.0,0,0.0,0.0,0.0,0.0,0.0,0.0,0.0,0.0,0.0,0.0,0,0,0.1111111111111111,0,0.0,18.0,18.0,18.0,18.0,1.0,0.0,1.0,1.0,0.0,1.0,1.0,0.1111111111111111,0.1111111111111111,0.0,0.0,normal
1.5639059999999958,TCP,Unknown,ACK,7174.0,26981.0,0,1,0,0.0,0,0.0,0.0,0.0,0.0,0.0,0.0,0.0,0.0,0.0,0.0,1,0,0.0341880341880341,0,0.0,24.0,105.0,117.0,105.0,4.375,-3.375,0.8974358974358975,0.8974358974358975,0.1025641025641025,0.2051282051282051,0.8974358974358975,0.0341880341880341,0.0380952380952381,0.0,0.0,normal
1.5639059999999958,TCP,Unknown,ACK,7174.0,26981.0,0,1,0,0.0,0,0.0,0.0,0.0,0.0,0.0,0.0,0.0,0.0,0.0,0.0,1,0,0.0341880341880341,0,0.0,24.0,105.0,117.0,105.0,4.375,-3.375,0.8974358974358975,0.8974358974358975,0.1025641025641025,0.2051282051282051,0.8974358974358975,0.0341880341880341,0.0380952380952381,0.0,0.0,normal
1.5639059999999958,TCP,Unknown,ACK,7174.0,26981.0,0,1,0,0.0,0,0.0,0.0,0.0,0.0,0.0,0.0,0.0,0.0,0.0,0.0,1,0,0.0341880341880341,0,0.0,24.0,105.0,117.0,105.0,4.375,-3.375,0.8974358974358975,0.8974358974358975,0.1025641025641025,0.2051282051282051,0.8974358974358975,0.0341880341880341,0.0380952380952381,0.0,0.0,normal
1.565565999999997,TCP,Unknown,ACK,1507.0,26981.0,0,1,0,0.0,0,0.0,0.0,0.0,0.0,0.0,0.0,0.0,0.0,0.0,0.0,1,0,0.0341880341880341,0,0.0,11.0,105.0,117.0,105.0,9.545454545454543,-8.545454545454545,0.8974358974358975,0.8974358974358975,0.1025641025641025,0.094017094017094,0.8974358974358975,0.0341880341880341,0.0380952380952381,0.0,0.0,normal
1.8311860000000024,TCP,Unknown,ACK,4980.0,26981.0,0,1,0,0.0,0,0.0,0.0,0.0,0.0,0.0,0.0,0.0,0.0,0.0,0.0,1,0,0.0341880341880341,0,0.0,19.0,105.0,117.0,105.0,5.526315789473684,-4.526315789473684,0.8974358974358975,0.8974358974358975,0.1025641025641025,0.1623931623931624,0.8974358974358975,0.0341880341880341,0.0380952380952381,0.0,0.0,normal
1.5639059999999958,TCP,Unknown,ACK,7174.0,26981.0,0,1,0,0.0,0,0.0,0.0,0.0,0.0,0.0,0.0,0.0,0.0,0.0,0.0,1,0,0.0341880341880341,0,0.0,24.0,105.0,117.0,105.0,4.375,-3.375,0.8974358974358975,0.8974358974358975,0.1025641025641025,0.2051282051282051,0.8974358974358975,0.0341880341880341,0.0380952380952381,0.0,0.0,normal
1.8311860000000024,TCP,Unknown,ACK,4980.0,26981.0,0,1,0,0.0,0,0.0,0.0,0.0,0.0,0.0,0.0,0.0,0.0,0.0,0.0,1,0,0.0341880341880341,0,0.0,19.0,105.0,117.0,105.0,5.526315789473684,-4.526315789473684,0.8974358974358975,0.8974358974358975,0.1025641025641025,0.1623931623931624,0.8974358974358975,0.0341880341880341,0.0380952380952381,0.0,0.0,normal
1.565565999999997,TCP,Unknown,ACK,1507.0,26981.0,0,1,0,0.0,0,0.0,0.0,0.0,0.0,0.0,0.0,0.0,0.0,0.0,0.0,1,0,0.0341880341880341,0,0.0,11.0,105.0,117.0,105.0,9.545454545454543,-8.545454545454545,0.8974358974358975,0.8974358974358975,0.1025641025641025,0.094017094017094,0.8974358974358975,0.0341880341880341,0.0380952380952381,0.0,0.0,normal
1.8311860000000024,TCP,Unknown,SF,4980.0,26981.0,0,1,0,0.0,0,0.0,0.0,0.0,0.0,0.0,0.0,0.0,0.0,0.0,0.0,0,0,0.0341880341880341,0,0.0,19.0,105.0,117.0,105.0,5.526315789473684,-4.526315789473684,0.8974358974358975,0.8974358974358975,0.1025641025641025,0.1623931623931624,0.8974358974358975,0.0341880341880341,0.0380952380952381,0.0,0.0,normal
1.8311860000000024,TCP,Unknown,SF,4980.0,26981.0,0,1,0,0.0,0,0.0,0.0,0.0,0.0,0.0,0.0,0.0,0.0,0.0,0.0,0,0,0.0341880341880341,0,0.0,19.0,105.0,117.0,105.0,5.526315789473684,-4.526315789473684,0.8974358974358975,0.8974358974358975,0.1025641025641025,0.1623931623931624,0.8974358974358975,0.0341880341880341,0.0380952380952381,0.0,0.0,normal
58.086305,TCP,Unknown,ACK,27142.0,2193.0,0,1,0,0.0,0,0.0,0.0,0.0,0.0,0.0,0.0,0.0,0.0,0.0,0.0,1,0,0.1111111111111111,0,0.0,18.0,18.0,18.0,18.0,1.0,0.0,1.0,1.0,0.0,1.0,1.0,0.1111111111111111,0.1111111111111111,0.0,0.0,normal
58.086305,TCP,Unknown,SF,27142.0,2193.0,0,1,0,0.0,0,0.0,0.0,0.0,0.0,0.0,0.0,0.0,0.0,0.0,0.0,0,0,0.1111111111111111,0,0.0,18.0,18.0,18.0,18.0,1.0,0.0,1.0,1.0,0.0,1.0,1.0,0.1111111111111111,0.1111111111111111,0.0,0.0,normal
1.5639059999999958,TCP,Unknown,SF,7174.0,26981.0,0,1,0,0.0,0,0.0,0.0,0.0,0.0,0.0,0.0,0.0,0.0,0.0,0.0,0,0,0.0341880341880341,0,0.0,24.0,105.0,117.0,105.0,4.375,-3.375,0.8974358974358975,0.8974358974358975,0.1025641025641025,0.2051282051282051,0.8974358974358975,0.0341880341880341,0.0380952380952381,0.0,0.0,normal
1.5639059999999958,TCP,Unknown,SF,7174.0,26981.0,0,1,0,0.0,0,0.0,0.0,0.0,0.0,0.0,0.0,0.0,0.0,0.0,0.0,0,0,0.0341880341880341,0,0.0,24.0,105.0,117.0,105.0,4.375,-3.375,0.8974358974358975,0.8974358974358975,0.1025641025641025,0.2051282051282051,0.8974358974358975,0.0341880341880341,0.0380952380952381,0.0,0.0,normal
58.086305,TCP,Unknown,ACK,27142.0,2649.0,0,1,0,0.0,0,0.0,0.0,0.0,0.0,0.0,0.0,0.0,0.0,0.0,0.0,1,0,0.0434782608695652,0,0.0,23.0,23.0,23.0,23.0,1.0,0.0,1.0,1.0,0.0,1.0,1.0,0.0434782608695652,0.0434782608695652,0.0,0.0,normal
58.086305,TCP,Unknown,SF,27142.0,2649.0,0,1,0,0.0,0,0.0,0.0,0.0,0.0,0.0,0.0,0.0,0.0,0.0,0.0,0,0,0.0434782608695652,0,0.0,23.0,23.0,23.0,23.0,1.0,0.0,1.0,1.0,0.0,1.0,1.0,0.0434782608695652,0.0434782608695652,0.0,0.0,normal
58.086305,TCP,Unknown,SF,27142.0,2193.0,0,1,0,0.0,0,0.0,0.0,0.0,0.0,0.0,0.0,0.0,0.0,0.0,0.0,0,1,0.1111111111111111,0,0.0,18.0,18.0,18.0,18.0,1.0,0.0,1.0,1.0,0.0,1.0,1.0,0.1111111111111111,0.1111111111111111,0.0,0.0,normal
58.086305,TCP,Unknown,SF,27142.0,2649.0,0,1,0,0.0,0,0.0,0.0,0.0,0.0,0.0,0.0,0.0,0.0,0.0,0.0,0,1,0.0434782608695652,0,0.0,23.0,23.0,23.0,23.0,1.0,0.0,1.0,1.0,0.0,1.0,1.0,0.0434782608695652,0.0434782608695652,0.0,0.0,normal
1.5639059999999958,TCP,Unknown,SF,7174.0,26981.0,0,1,0,0.0,0,0.0,0.0,0.0,0.0,0.0,0.0,0.0,0.0,0.0,0.0,0,0,0.0341880341880341,0,0.0,24.0,105.0,117.0,105.0,4.375,-3.375,0.8974358974358975,0.8974358974358975,0.1025641025641025,0.2051282051282051,0.8974358974358975,0.0341880341880341,0.0380952380952381,0.0,0.0,normal
1.5639059999999958,TCP,Unknown,SF,7174.0,26981.0,0,1,0,0.0,0,0.0,0.0,0.0,0.0,0.0,0.0,0.0,0.0,0.0,0.0,0,0,0.0341880341880341,0,0.0,24.0,105.0,117.0,105.0,4.375,-3.375,0.8974358974358975,0.8974358974358975,0.1025641025641025,0.2051282051282051,0.8974358974358975,0.0341880341880341,0.0380952380952381,0.0,0.0,normal
1.8311860000000024,TCP,Unknown,SF,4980.0,26981.0,0,1,0,0.0,0,0.0,0.0,0.0,0.0,0.0,0.0,0.0,0.0,0.0,0.0,0,0,0.0341880341880341,0,0.0,19.0,105.0,117.0,105.0,5.526315789473684,-4.526315789473684,0.8974358974358975,0.8974358974358975,0.1025641025641025,0.1623931623931624,0.8974358974358975,0.0341880341880341,0.0380952380952381,0.0,0.0,normal
1.8311860000000024,TCP,Unknown,SF,4980.0,26981.0,0,1,0,0.0,0,0.0,0.0,0.0,0.0,0.0,0.0,0.0,0.0,0.0,0.0,0,0,0.0341880341880341,0,0.0,19.0,105.0,117.0,105.0,5.526315789473684,-4.526315789473684,0.8974358974358975,0.8974358974358975,0.1025641025641025,0.1623931623931624,0.8974358974358975,0.0341880341880341,0.0380952380952381,0.0,0.0,normal
58.086305,TCP,Unknown,ACK,27142.0,2649.0,0,1,0,0.0,0,0.0,0.0,0.0,0.0,0.0,0.0,0.0,0.0,0.0,0.0,1,0,0.0434782608695652,0,0.0,23.0,23.0,23.0,23.0,1.0,0.0,1.0,1.0,0.0,1.0,1.0,0.0434782608695652,0.0434782608695652,0.0,0.0,normal
58.086305,TCP,Unknown,ACK,27142.0,2193.0,0,1,0,0.0,0,0.0,0.0,0.0,0.0,0.0,0.0,0.0,0.0,0.0,0.0,1,0,0.1111111111111111,0,0.0,18.0,18.0,18.0,18.0,1.0,0.0,1.0,1.0,0.0,1.0,1.0,0.1111111111111111,0.1111111111111111,0.0,0.0,normal
58.086305,TCP,Unknown,SF,27142.0,2649.0,0,1,0,0.0,0,0.0,0.0,0.0,0.0,0.0,0.0,0.0,0.0,0.0,0.0,0,0,0.0434782608695652,0,0.0,23.0,23.0,23.0,23.0,1.0,0.0,1.0,1.0,0.0,1.0,1.0,0.0434782608695652,0.0434782608695652,0.0,0.0,normal
1.8311860000000024,TCP,Unknown,SF,4980.0,26981.0,0,1,0,0.0,0,0.0,0.0,0.0,0.0,0.0,0.0,0.0,0.0,0.0,0.0,0,0,0.0341880341880341,0,0.0,19.0,105.0,117.0,105.0,5.526315789473684,-4.526315789473684,0.8974358974358975,0.8974358974358975,0.1025641025641025,0.1623931623931624,0.8974358974358975,0.0341880341880341,0.0380952380952381,0.0,0.0,normal
1.565565999999997,TCP,Unknown,SF,1507.0,26981.0,0,1,0,0.0,0,0.0,0.0,0.0,0.0,0.0,0.0,0.0,0.0,0.0,0.0,0,0,0.0341880341880341,0,0.0,11.0,105.0,117.0,105.0,9.545454545454543,-8.545454545454545,0.8974358974358975,0.8974358974358975,0.1025641025641025,0.094017094017094,0.8974358974358975,0.0341880341880341,0.0380952380952381,0.0,0.0,normal
1.565565999999997,TCP,Unknown,SF,1507.0,26981.0,0,1,0,0.0,0,0.0,0.0,0.0,0.0,0.0,0.0,0.0,0.0,0.0,0.0,0,0,0.0341880341880341,0,0.0,11.0,105.0,117.0,105.0,9.545454545454543,-8.545454545454545,0.8974358974358975,0.8974358974358975,0.1025641025641025,0.094017094017094,0.8974358974358975,0.0341880341880341,0.0380952380952381,0.0,0.0,normal
1.8311860000000024,TCP,Unknown,ACK,4980.0,26981.0,0,1,0,0.0,0,0.0,0.0,0.0,0.0,0.0,0.0,0.0,0.0,0.0,0.0,1,0,0.0341880341880341,0,0.0,19.0,105.0,117.0,105.0,5.526315789473684,-4.526315789473684,0.8974358974358975,0.8974358974358975,0.1025641025641025,0.1623931623931624,0.8974358974358975,0.0341880341880341,0.0380952380952381,0.0,0.0,normal
58.086305,TCP,Unknown,ACK,27142.0,1372.0,0,1,0,0.0,0,0.0,0.0,0.0,0.0,0.0,0.0,0.0,0.0,0.0,0.0,1,0,0.0,0,0.0,10.0,10.0,10.0,10.0,1.0,0.0,1.0,1.0,0.0,1.0,1.0,0.0,0.0,0.0,0.0,normal
58.086305,TCP,Unknown,ACK,27142.0,2193.0,0,1,0,0.0,0,0.0,0.0,0.0,0.0,0.0,0.0,0.0,0.0,0.0,0.0,1,0,0.1111111111111111,0,0.0,18.0,18.0,18.0,18.0,1.0,0.0,1.0,1.0,0.0,1.0,1.0,0.1111111111111111,0.1111111111111111,0.0,0.0,normal
1.5639059999999958,TCP,Unknown,SF,7174.0,26981.0,0,1,0,0.0,0,0.0,0.0,0.0,0.0,0.0,0.0,0.0,0.0,0.0,0.0,0,0,0.0341880341880341,0,0.0,24.0,105.0,117.0,105.0,4.375,-3.375,0.8974358974358975,0.8974358974358975,0.1025641025641025,0.2051282051282051,0.8974358974358975,0.0341880341880341,0.0380952380952381,0.0,0.0,normal
1.5639059999999958,TCP,Unknown,ACK,7174.0,26981.0,0,1,0,0.0,0,0.0,0.0,0.0,0.0,0.0,0.0,0.0,0.0,0.0,0.0,1,0,0.0341880341880341,0,0.0,24.0,105.0,117.0,105.0,4.375,-3.375,0.8974358974358975,0.8974358974358975,0.1025641025641025,0.2051282051282051,0.8974358974358975,0.0341880341880341,0.0380952380952381,0.0,0.0,normal
58.086305,TCP,Unknown,ACK,27142.0,2649.0,0,1,0,0.0,0,0.0,0.0,0.0,0.0,0.0,0.0,0.0,0.0,0.0,0.0,1,0,0.0434782608695652,0,0.0,23.0,23.0,23.0,23.0,1.0,0.0,1.0,1.0,0.0,1.0,1.0,0.0434782608695652,0.0434782608695652,0.0,0.0,normal
58.086305,TCP,Unknown,SF,27142.0,1372.0,0,1,0,0.0,0,0.0,0.0,0.0,0.0,0.0,0.0,0.0,0.0,0.0,0.0,0,0,0.0,0,0.0,10.0,10.0,10.0,10.0,1.0,0.0,1.0,1.0,0.0,1.0,1.0,0.0,0.0,0.0,0.0,normal
1.5639059999999958,TCP,Unknown,SF,7174.0,26981.0,0,1,0,0.0,0,0.0,0.0,0.0,0.0,0.0,0.0,0.0,0.0,0.0,0.0,0,0,0.0341880341880341,0,0.0,24.0,105.0,117.0,105.0,4.375,-3.375,0.8974358974358975,0.8974358974358975,0.1025641025641025,0.2051282051282051,0.8974358974358975,0.0341880341880341,0.0380952380952381,0.0,0.0,normal
1.8311860000000024,TCP,Unknown,SF,4980.0,26981.0,0,1,0,0.0,0,0.0,0.0,0.0,0.0,0.0,0.0,0.0,0.0,0.0,0.0,0,0,0.0341880341880341,0,0.0,19.0,105.0,117.0,105.0,5.526315789473684,-4.526315789473684,0.8974358974358975,0.8974358974358975,0.1025641025641025,0.1623931623931624,0.8974358974358975,0.0341880341880341,0.0380952380952381,0.0,0.0,normal
58.086305,TCP,Unknown,ACK,27142.0,2649.0,0,1,0,0.0,0,0.0,0.0,0.0,0.0,0.0,0.0,0.0,0.0,0.0,0.0,1,0,0.0434782608695652,0,0.0,23.0,23.0,23.0,23.0,1.0,0.0,1.0,1.0,0.0,1.0,1.0,0.0434782608695652,0.0434782608695652,0.0,0.0,normal
58.086305,TCP,Unknown,ACK,27142.0,2193.0,0,1,0,0.0,0,0.0,0.0,0.0,0.0,0.0,0.0,0.0,0.0,0.0,0.0,1,0,0.1111111111111111,0,0.0,18.0,18.0,18.0,18.0,1.0,0.0,1.0,1.0,0.0,1.0,1.0,0.1111111111111111,0.1111111111111111,0.0,0.0,normal
1.5639059999999958,TCP,Unknown,ACK,7174.0,26981.0,0,1,0,0.0,0,0.0,0.0,0.0,0.0,0.0,0.0,0.0,0.0,0.0,0.0,1,0,0.0341880341880341,0,0.0,24.0,105.0,117.0,105.0,4.375,-3.375,0.8974358974358975,0.8974358974358975,0.1025641025641025,0.2051282051282051,0.8974358974358975,0.0341880341880341,0.0380952380952381,0.0,0.0,normal
1.565565999999997,TCP,Unknown,SF,1507.0,26981.0,0,1,0,0.0,0,0.0,0.0,0.0,0.0,0.0,0.0,0.0,0.0,0.0,0.0,0,0,0.0341880341880341,0,0.0,11.0,105.0,117.0,105.0,9.545454545454543,-8.545454545454545,0.8974358974358975,0.8974358974358975,0.1025641025641025,0.094017094017094,0.8974358974358975,0.0341880341880341,0.0380952380952381,0.0,0.0,normal
58.086305,TCP,Unknown,ACK,27142.0,1372.0,0,1,0,0.0,0,0.0,0.0,0.0,0.0,0.0,0.0,0.0,0.0,0.0,0.0,1,0,0.0,0,0.0,10.0,10.0,10.0,10.0,1.0,0.0,1.0,1.0,0.0,1.0,1.0,0.0,0.0,0.0,0.0,normal
1.565565999999997,TCP,Unknown,ACK,1507.0,26981.0,0,1,0,0.0,0,0.0,0.0,0.0,0.0,0.0,0.0,0.0,0.0,0.0,0.0,1,0,0.0341880341880341,0,0.0,11.0,105.0,117.0,105.0,9.545454545454543,-8.545454545454545,0.8974358974358975,0.8974358974358975,0.1025641025641025,0.094017094017094,0.8974358974358975,0.0341880341880341,0.0380952380952381,0.0,0.0,normal
58.086305,TCP,Unknown,SF,27142.0,2193.0,0,1,0,0.0,0,0.0,0.0,0.0,0.0,0.0,0.0,0.0,0.0,0.0,0.0,0,0,0.1111111111111111,0,0.0,18.0,18.0,18.0,18.0,1.0,0.0,1.0,1.0,0.0,1.0,1.0,0.1111111111111111,0.1111111111111111,0.0,0.0,normal
58.086305,TCP,Unknown,SF,27142.0,2193.0,0,1,0,0.0,0,0.0,0.0,0.0,0.0,0.0,0.0,0.0,0.0,0.0,0.0,0,1,0.1111111111111111,0,0.0,18.0,18.0,18.0,18.0,1.0,0.0,1.0,1.0,0.0,1.0,1.0,0.1111111111111111,0.1111111111111111,0.0,0.0,normal
1.8311860000000024,TCP,Unknown,ACK,4980.0,26981.0,0,1,0,0.0,0,0.0,0.0,0.0,0.0,0.0,0.0,0.0,0.0,0.0,0.0,1,0,0.0341880341880341,0,0.0,19.0,105.0,117.0,105.0,5.526315789473684,-4.526315789473684,0.8974358974358975,0.8974358974358975,0.1025641025641025,0.1623931623931624,0.8974358974358975,0.0341880341880341,0.0380952380952381,0.0,0.0,normal
1.8311860000000024,TCP,Unknown,SF,4980.0,26981.0,0,1,0,0.0,0,0.0,0.0,0.0,0.0,0.0,0.0,0.0,0.0,0.0,0.0,0,0,0.0341880341880341,0,0.0,19.0,105.0,117.0,105.0,5.526315789473684,-4.526315789473684,0.8974358974358975,0.8974358974358975,0.1025641025641025,0.1623931623931624,0.8974358974358975,0.0341880341880341,0.0380952380952381,0.0,0.0,normal
58.086305,TCP,Unknown,ACK,27142.0,2193.0,0,1,0,0.0,0,0.0,0.0,0.0,0.0,0.0,0.0,0.0,0.0,0.0,0.0,1,0,0.1111111111111111,0,0.0,18.0,18.0,18.0,18.0,1.0,0.0,1.0,1.0,0.0,1.0,1.0,0.1111111111111111,0.1111111111111111,0.0,0.0,normal
1.8311860000000024,TCP,Unknown,ACK,4980.0,26981.0,0,1,0,0.0,0,0.0,0.0,0.0,0.0,0.0,0.0,0.0,0.0,0.0,0.0,1,0,0.0341880341880341,0,0.0,19.0,105.0,117.0,105.0,5.526315789473684,-4.526315789473684,0.8974358974358975,0.8974358974358975,0.1025641025641025,0.1623931623931624,0.8974358974358975,0.0341880341880341,0.0380952380952381,0.0,0.0,normal
1.8311860000000024,TCP,Unknown,SF,4980.0,26981.0,0,1,0,0.0,0,0.0,0.0,0.0,0.0,0.0,0.0,0.0,0.0,0.0,0.0,0,0,0.0341880341880341,0,0.0,19.0,105.0,117.0,105.0,5.526315789473684,-4.526315789473684,0.8974358974358975,0.8974358974358975,0.1025641025641025,0.1623931623931624,0.8974358974358975,0.0341880341880341,0.0380952380952381,0.0,0.0,normal
1.8311860000000024,TCP,Unknown,SF,4980.0,26981.0,0,1,0,0.0,0,0.0,0.0,0.0,0.0,0.0,0.0,0.0,0.0,0.0,0.0,0,0,0.0341880341880341,0,0.0,19.0,105.0,117.0,105.0,5.526315789473684,-4.526315789473684,0.8974358974358975,0.8974358974358975,0.1025641025641025,0.1623931623931624,0.8974358974358975,0.0341880341880341,0.0380952380952381,0.0,0.0,normal
58.086305,TCP,Unknown,ACK,27142.0,2193.0,0,1,0,0.0,0,0.0,0.0,0.0,0.0,0.0,0.0,0.0,0.0,0.0,0.0,1,0,0.1111111111111111,0,0.0,18.0,18.0,18.0,18.0,1.0,0.0,1.0,1.0,0.0,1.0,1.0,0.1111111111111111,0.1111111111111111,0.0,0.0,normal
1.8311860000000024,TCP,Unknown,SF,4980.0,26981.0,0,1,0,0.0,0,0.0,0.0,0.0,0.0,0.0,0.0,0.0,0.0,0.0,0.0,0,0,0.0341880341880341,0,0.0,19.0,105.0,117.0,105.0,5.526315789473684,-4.526315789473684,0.8974358974358975,0.8974358974358975,0.1025641025641025,0.1623931623931624,0.8974358974358975,0.0341880341880341,0.0380952380952381,0.0,0.0,normal
58.086305,TCP,Unknown,ACK,27142.0,2193.0,0,1,0,0.0,0,0.0,0.0,0.0,0.0,0.0,0.0,0.0,0.0,0.0,0.0,1,0,0.1111111111111111,0,0.0,18.0,18.0,18.0,18.0,1.0,0.0,1.0,1.0,0.0,1.0,1.0,0.1111111111111111,0.1111111111111111,0.0,0.0,normal
0.0,UDP,Unknown,S0,82.0,3195.0,0,1,0,0.0,0,0.0,0.0,0.0,0.0,0.0,0.0,0.0,0.0,0.0,0.0,0,0,0.0,0,0.0,1.0,27.0,27.0,27.0,27.0,-26.0,1.0,1.0,0.0,0.037037037037037,1.0,0.0,0.0,0.0,0.0,normal
58.086305,TCP,Unknown,ACK,27142.0,55.0,0,1,0,0.0,0,0.0,0.0,0.0,0.0,0.0,0.0,0.0,0.0,0.0,0.0,1,0,0.0,0,0.0,1.0,1.0,1.0,1.0,1.0,0.0,1.0,1.0,0.0,1.0,1.0,0.0,0.0,0.0,0.0,normal
0.0,TCP,Unknown,ACK,66.0,26981.0,0,1,0,0.0,0,0.0,0.0,0.0,0.0,0.0,0.0,0.0,0.0,0.0,0.0,1,0,0.0341880341880341,0,0.0,1.0,105.0,117.0,105.0,105.0,-104.0,0.8974358974358975,0.8974358974358975,0.1025641025641025,0.0085470085470085,0.8974358974358975,0.0341880341880341,0.0380952380952381,0.0,0.0,normal
50.791822,UDP,Unknown,S0,4208.0,8018.0,0,0,0,0.0,0,0.0,0.0,0.0,0.0,0.0,0.0,0.0,0.0,0.0,0.0,0,0,0.0,0,0.0,12.0,29.0,29.0,29.0,2.4166666666666665,-1.4166666666666663,1.0,1.0,0.0,0.4137931034482758,1.0,0.0,0.0,0.0,0.0,normal
0.0,Unknown,Unknown,S0,0.0,0.0,0,0,0,0.0,0,0.0,0.0,0.0,0.0,0.0,0.0,0.0,0.0,0.0,0.0,0,0,0.0,0,0.0,0.0,0.0,0.0,0.0,0.0,1.0,0.0,0.0,1.0,0.0,0.0,0.0,0.0,0.0,0.0,normal
58.086305,TCP,Unknown,ACK,27142.0,55.0,0,1,0,0.0,0,0.0,0.0,0.0,0.0,0.0,0.0,0.0,0.0,0.0,0.0,1,0,0.0,0,0.0,1.0,1.0,1.0,1.0,1.0,0.0,1.0,1.0,0.0,1.0,1.0,0.0,0.0,0.0,0.0,normal
58.086305,UDP,Unknown,S0,27142.0,430.0,0,0,0,0.0,0,0.0,0.0,0.0,0.0,0.0,0.0,0.0,0.0,0.0,0.0,0,0,0.0,0,0.0,5.0,5.0,5.0,5.0,1.0,0.0,1.0,1.0,0.0,1.0,1.0,0.0,0.0,0.0,0.0,normal
0.0,TCP,Unknown,ACK,66.0,26981.0,0,0,0,0.0,0,0.0,0.0,0.0,0.0,0.0,0.0,0.0,0.0,0.0,0.0,1,0,0.0341880341880341,0,0.0,1.0,7.0,117.0,7.0,7.0,-6.0,0.0598290598290598,0.0598290598290598,0.9401709401709402,0.0085470085470085,0.0598290598290598,0.0341880341880341,0.0,0.0,0.0,normal
39.731913,UDP,Unknown,S0,1093.0,26981.0,0,1,0,0.0,0,0.0,0.0,0.0,0.0,0.0,0.0,0.0,0.0,0.0,0.0,0,0,0.0341880341880341,0,0.0,5.0,5.0,117.0,5.0,1.0,0.0,0.0427350427350427,0.0427350427350427,0.9572649572649572,0.0427350427350427,0.0427350427350427,0.0341880341880341,0.0,0.0,0.0,normal
58.086305,TCP,Unknown,S1,27142.0,1259.0,0,1,0,0.0,0,0.0,0.0,0.0,0.0,0.0,0.0,0.0,0.0,0.0,0.0,0,0,0.0,0,0.0,12.0,12.0,12.0,12.0,1.0,0.0,1.0,1.0,0.0,1.0,1.0,0.0,0.0,0.0,0.0,normal
0.304628000000001,TCP,Unknown,S2,5565.0,26981.0,0,1,0,0.0,0,0.0,0.0,0.0,0.0,0.0,0.0,0.0,0.0,0.0,0.0,0,0,0.0341880341880341,0,0.0,15.0,105.0,117.0,105.0,7.0,-6.0,0.8974358974358975,0.8974358974358975,0.1025641025641025,0.1282051282051282,0.8974358974358975,0.0341880341880341,0.0380952380952381,0.0,0.0,normal
58.086305,TCP,Unknown,ACK,27142.0,1259.0,0,1,0,0.0,0,0.0,0.0,0.0,0.0,0.0,0.0,0.0,0.0,0.0,0.0,1,0,0.0,0,0.0,12.0,12.0,12.0,12.0,1.0,0.0,1.0,1.0,0.0,1.0,1.0,0.0,0.0,0.0,0.0,normal
58.086305,TCP,Unknown,SF,27142.0,1259.0,0,1,0,0.0,0,0.0,0.0,0.0,0.0,0.0,0.0,0.0,0.0,0.0,0.0,0,0,0.0,0,0.0,12.0,12.0,12.0,12.0,1.0,0.0,1.0,1.0,0.0,1.0,1.0,0.0,0.0,0.0,0.0,normal
0.304628000000001,TCP,Unknown,ACK,5565.0,26981.0,0,1,0,0.0,0,0.0,0.0,0.0,0.0,0.0,0.0,0.0,0.0,0.0,0.0,1,0,0.0341880341880341,0,0.0,15.0,105.0,117.0,105.0,7.0,-6.0,0.8974358974358975,0.8974358974358975,0.1025641025641025,0.1282051282051282,0.8974358974358975,0.0341880341880341,0.0380952380952381,0.0,0.0,normal
0.304628000000001,TCP,Unknown,SF,5565.0,26981.0,0,1,0,0.0,0,0.0,0.0,0.0,0.0,0.0,0.0,0.0,0.0,0.0,0.0,0,0,0.0341880341880341,0,0.0,15.0,105.0,117.0,105.0,7.0,-6.0,0.8974358974358975,0.8974358974358975,0.1025641025641025,0.1282051282051282,0.8974358974358975,0.0341880341880341,0.0380952380952381,0.0,0.0,normal
0.304628000000001,TCP,Unknown,SF,5565.0,26981.0,0,1,0,0.0,0,0.0,0.0,0.0,0.0,0.0,0.0,0.0,0.0,0.0,0.0,0,0,0.0341880341880341,0,0.0,15.0,105.0,117.0,105.0,7.0,-6.0,0.8974358974358975,0.8974358974358975,0.1025641025641025,0.1282051282051282,0.8974358974358975,0.0341880341880341,0.0380952380952381,0.0,0.0,normal
0.304628000000001,TCP,Unknown,SF,5565.0,26981.0,0,1,0,0.0,0,0.0,0.0,0.0,0.0,0.0,0.0,0.0,0.0,0.0,0.0,0,0,0.0341880341880341,0,0.0,15.0,105.0,117.0,105.0,7.0,-6.0,0.8974358974358975,0.8974358974358975,0.1025641025641025,0.1282051282051282,0.8974358974358975,0.0341880341880341,0.0380952380952381,0.0,0.0,normal
58.086305,TCP,Unknown,ACK,27142.0,1259.0,0,1,0,0.0,0,0.0,0.0,0.0,0.0,0.0,0.0,0.0,0.0,0.0,0.0,1,0,0.0,0,0.0,12.0,12.0,12.0,12.0,1.0,0.0,1.0,1.0,0.0,1.0,1.0,0.0,0.0,0.0,0.0,normal
58.086305,TCP,Unknown,SF,27142.0,1259.0,0,1,0,0.0,0,0.0,0.0,0.0,0.0,0.0,0.0,0.0,0.0,0.0,0.0,0,0,0.0,0,0.0,12.0,12.0,12.0,12.0,1.0,0.0,1.0,1.0,0.0,1.0,1.0,0.0,0.0,0.0,0.0,normal
0.304628000000001,TCP,Unknown,ACK,5565.0,26981.0,0,1,0,0.0,0,0.0,0.0,0.0,0.0,0.0,0.0,0.0,0.0,0.0,0.0,1,0,0.0341880341880341,0,0.0,15.0,105.0,117.0,105.0,7.0,-6.0,0.8974358974358975,0.8974358974358975,0.1025641025641025,0.1282051282051282,0.8974358974358975,0.0341880341880341,0.0380952380952381,0.0,0.0,normal
58.086305,TCP,Unknown,SF,27142.0,1259.0,0,1,0,0.0,0,0.0,0.0,0.0,0.0,0.0,0.0,0.0,0.0,0.0,0.0,0,0,0.0,0,0.0,12.0,12.0,12.0,12.0,1.0,0.0,1.0,1.0,0.0,1.0,1.0,0.0,0.0,0.0,0.0,normal
58.086305,TCP,Unknown,SF,27142.0,1259.0,0,1,0,0.0,0,0.0,0.0,0.0,0.0,0.0,0.0,0.0,0.0,0.0,0.0,0,0,0.0,0,0.0,12.0,12.0,12.0,12.0,1.0,0.0,1.0,1.0,0.0,1.0,1.0,0.0,0.0,0.0,0.0,normal
0.304628000000001,TCP,Unknown,ACK,5565.0,26981.0,0,1,0,0.0,0,0.0,0.0,0.0,0.0,0.0,0.0,0.0,0.0,0.0,0.0,1,0,0.0341880341880341,0,0.0,15.0,105.0,117.0,105.0,7.0,-6.0,0.8974358974358975,0.8974358974358975,0.1025641025641025,0.1282051282051282,0.8974358974358975,0.0341880341880341,0.0380952380952381,0.0,0.0,normal
0.304628000000001,TCP,Unknown,ACK,5565.0,26981.0,0,1,0,0.0,0,0.0,0.0,0.0,0.0,0.0,0.0,0.0,0.0,0.0,0.0,1,0,0.0341880341880341,0,0.0,15.0,105.0,117.0,105.0,7.0,-6.0,0.8974358974358975,0.8974358974358975,0.1025641025641025,0.1282051282051282,0.8974358974358975,0.0341880341880341,0.0380952380952381,0.0,0.0,normal
0.304628000000001,TCP,Unknown,SF,5565.0,26981.0,0,1,0,0.0,0,0.0,0.0,0.0,0.0,0.0,0.0,0.0,0.0,0.0,0.0,0,0,0.0341880341880341,0,0.0,15.0,105.0,117.0,105.0,7.0,-6.0,0.8974358974358975,0.8974358974358975,0.1025641025641025,0.1282051282051282,0.8974358974358975,0.0341880341880341,0.0380952380952381,0.0,0.0,normal
0.304628000000001,TCP,Unknown,SF,5565.0,26981.0,0,1,0,0.0,0,0.0,0.0,0.0,0.0,0.0,0.0,0.0,0.0,0.0,0.0,0,0,0.0341880341880341,0,0.0,15.0,105.0,117.0,105.0,7.0,-6.0,0.8974358974358975,0.8974358974358975,0.1025641025641025,0.1282051282051282,0.8974358974358975,0.0341880341880341,0.0380952380952381,0.0,0.0,normal
58.086305,TCP,Unknown,ACK,27142.0,1259.0,0,1,0,0.0,0,0.0,0.0,0.0,0.0,0.0,0.0,0.0,0.0,0.0,0.0,1,0,0.0,0,0.0,12.0,12.0,12.0,12.0,1.0,0.0,1.0,1.0,0.0,1.0,1.0,0.0,0.0,0.0,0.0,normal
0.304628000000001,TCP,Unknown,SF,5565.0,26981.0,0,1,0,0.0,0,0.0,0.0,0.0,0.0,0.0,0.0,0.0,0.0,0.0,0.0,0,0,0.0341880341880341,0,0.0,15.0,105.0,117.0,105.0,7.0,-6.0,0.8974358974358975,0.8974358974358975,0.1025641025641025,0.1282051282051282,0.8974358974358975,0.0341880341880341,0.0380952380952381,0.0,0.0,normal
0.304628000000001,TCP,Unknown,SF,5565.0,26981.0,0,1,0,0.0,0,0.0,0.0,0.0,0.0,0.0,0.0,0.0,0.0,0.0,0.0,0,0,0.0341880341880341,0,0.0,15.0,105.0,117.0,105.0,7.0,-6.0,0.8974358974358975,0.8974358974358975,0.1025641025641025,0.1282051282051282,0.8974358974358975,0.0341880341880341,0.0380952380952381,0.0,0.0,normal
58.086305,TCP,Unknown,ACK,27142.0,1259.0,0,1,0,0.0,0,0.0,0.0,0.0,0.0,0.0,0.0,0.0,0.0,0.0,0.0,1,0,0.0,0,0.0,12.0,12.0,12.0,12.0,1.0,0.0,1.0,1.0,0.0,1.0,1.0,0.0,0.0,0.0,0.0,normal
0.304628000000001,TCP,Unknown,SF,5565.0,26981.0,0,1,0,0.0,0,0.0,0.0,0.0,0.0,0.0,0.0,0.0,0.0,0.0,0.0,0,0,0.0341880341880341,0,0.0,15.0,105.0,117.0,105.0,7.0,-6.0,0.8974358974358975,0.8974358974358975,0.1025641025641025,0.1282051282051282,0.8974358974358975,0.0341880341880341,0.0380952380952381,0.0,0.0,normal
58.086305,TCP,Unknown,SF,27142.0,1259.0,0,1,0,0.0,0,0.0,0.0,0.0,0.0,0.0,0.0,0.0,0.0,0.0,0.0,0,0,0.0,0,0.0,12.0,12.0,12.0,12.0,1.0,0.0,1.0,1.0,0.0,1.0,1.0,0.0,0.0,0.0,0.0,normal
58.086305,TCP,Unknown,Unknown,27142.0,1259.0,0,1,0,0.0,0,0.0,0.0,0.0,0.0,0.0,0.0,0.0,0.0,0.0,0.0,0,0,0.0,0,0.0,12.0,12.0,12.0,12.0,1.0,0.0,1.0,1.0,0.0,1.0,1.0,0.0,0.0,0.0,0.0,normal
0.304628000000001,TCP,Unknown,ACK,5565.0,26981.0,0,1,0,0.0,0,0.0,0.0,0.0,0.0,0.0,0.0,0.0,0.0,0.0,0.0,1,0,0.0341880341880341,0,0.0,15.0,105.0,117.0,105.0,7.0,-6.0,0.8974358974358975,0.8974358974358975,0.1025641025641025,0.1282051282051282,0.8974358974358975,0.0341880341880341,0.0380952380952381,0.0,0.0,normal
0.304628000000001,TCP,Unknown,Unknown,5565.0,26981.0,0,1,0,0.0,0,0.0,0.0,0.0,0.0,0.0,0.0,0.0,0.0,0.0,0.0,0,0,0.0341880341880341,0,0.0,15.0,105.0,117.0,105.0,7.0,-6.0,0.8974358974358975,0.8974358974358975,0.1025641025641025,0.1282051282051282,0.8974358974358975,0.0341880341880341,0.0380952380952381,0.0,0.0,normal
58.086305,TCP,Unknown,ACK,27142.0,1259.0,0,1,0,0.0,0,0.0,0.0,0.0,0.0,0.0,0.0,0.0,0.0,0.0,0.0,1,0,0.0,0,0.0,12.0,12.0,12.0,12.0,1.0,0.0,1.0,1.0,0.0,1.0,1.0,0.0,0.0,0.0,0.0,normal
0.0,Unknown,Unknown,S0,0.0,0.0,0,0,0,0.0,0,0.0,0.0,0.0,0.0,0.0,0.0,0.0,0.0,0.0,0.0,0,0,0.0,0,0.0,0.0,0.0,0.0,0.0,0.0,1.0,0.0,0.0,1.0,0.0,0.0,0.0,0.0,0.0,0.0,normal
0.0,UDP,Unknown,S0,86.0,3195.0,0,0,0,0.0,0,0.0,0.0,0.0,0.0,0.0,0.0,0.0,0.0,0.0,0.0,0,0,0.0,0,0.0,1.0,27.0,27.0,27.0,27.0,-26.0,1.0,1.0,0.0,0.037037037037037,1.0,0.0,0.0,0.0,0.0,normal
0.0,UDP,Unknown,S0,86.0,3195.0,0,0,0,0.0,0,0.0,0.0,0.0,0.0,0.0,0.0,0.0,0.0,0.0,0.0,0,0,0.0,0,0.0,1.0,27.0,27.0,27.0,27.0,-26.0,1.0,1.0,0.0,0.037037037037037,1.0,0.0,0.0,0.0,0.0,normal
58.086305,TCP,Unknown,ACK,27142.0,4521.0,0,1,0,0.0,0,0.0,0.0,0.0,0.0,0.0,0.0,0.0,0.0,0.0,0.0,1,0,0.0,0,0.0,10.0,10.0,10.0,10.0,1.0,0.0,1.0,1.0,0.0,1.0,1.0,0.0,0.0,0.0,0.0,normal
45.772114,TCP,Unknown,ACK,2104.0,26981.0,0,1,0,0.0,0,0.0,0.0,0.0,0.0,0.0,0.0,0.0,0.0,0.0,0.0,1,0,0.0341880341880341,0,0.0,10.0,105.0,117.0,105.0,10.5,-9.5,0.8974358974358975,0.8974358974358975,0.1025641025641025,0.0854700854700854,0.8974358974358975,0.0341880341880341,0.0380952380952381,0.0,0.0,normal
30.110583,UDP,Unknown,S0,2450.0,8018.0,0,0,0,0.0,0,0.0,0.0,0.0,0.0,0.0,0.0,0.0,0.0,0.0,0.0,0,0,0.0,0,0.0,12.0,29.0,29.0,29.0,2.4166666666666665,-1.4166666666666663,1.0,1.0,0.0,0.4137931034482758,1.0,0.0,0.0,0.0,0.0,normal
30.110583,UDP,Unknown,S0,2450.0,8018.0,0,0,0,0.0,0,0.0,0.0,0.0,0.0,0.0,0.0,0.0,0.0,0.0,0.0,0,0,0.0,0,0.0,12.0,29.0,29.0,29.0,2.4166666666666665,-1.4166666666666663,1.0,1.0,0.0,0.4137931034482758,1.0,0.0,0.0,0.0,0.0,normal
30.110583,UDP,Unknown,S0,2450.0,8018.0,0,0,0,0.0,0,0.0,0.0,0.0,0.0,0.0,0.0,0.0,0.0,0.0,0.0,0,0,0.0,0,0.0,12.0,29.0,29.0,29.0,2.4166666666666665,-1.4166666666666663,1.0,1.0,0.0,0.4137931034482758,1.0,0.0,0.0,0.0,0.0,normal
30.110583,UDP,Unknown,S0,2450.0,8018.0,0,0,0,0.0,0,0.0,0.0,0.0,0.0,0.0,0.0,0.0,0.0,0.0,0.0,0,0,0.0,0,0.0,12.0,29.0,29.0,29.0,2.4166666666666665,-1.4166666666666663,1.0,1.0,0.0,0.4137931034482758,1.0,0.0,0.0,0.0,0.0,normal
30.110583,UDP,Unknown,S0,2450.0,3195.0,0,0,0,0.0,0,0.0,0.0,0.0,0.0,0.0,0.0,0.0,0.0,0.0,0.0,0,0,0.0,0,0.0,2.0,27.0,27.0,27.0,13.5,-12.5,1.0,1.0,0.0,0.074074074074074,1.0,0.0,0.0,0.0,0.0,normal
30.110583,UDP,Unknown,S0,2450.0,8018.0,0,0,0,0.0,0,0.0,0.0,0.0,0.0,0.0,0.0,0.0,0.0,0.0,0.0,0,0,0.0,0,0.0,12.0,29.0,29.0,29.0,2.4166666666666665,-1.4166666666666663,1.0,1.0,0.0,0.4137931034482758,1.0,0.0,0.0,0.0,0.0,normal
30.110583,UDP,Unknown,S0,2450.0,8018.0,0,0,0,0.0,0,0.0,0.0,0.0,0.0,0.0,0.0,0.0,0.0,0.0,0.0,0,0,0.0,0,0.0,12.0,29.0,29.0,29.0,2.4166666666666665,-1.4166666666666663,1.0,1.0,0.0,0.4137931034482758,1.0,0.0,0.0,0.0,0.0,normal
33.281689,UDP,Unknown,S0,328.0,3195.0,0,1,0,0.0,0,0.0,0.0,0.0,0.0,0.0,0.0,0.0,0.0,0.0,0.0,0,0,0.0,0,0.0,4.0,27.0,27.0,27.0,6.75,-5.75,1.0,1.0,0.0,0.1481481481481481,1.0,0.0,0.0,0.0,0.0,normal
26.936941,UDP,Unknown,S0,362.0,3195.0,0,0,0,0.0,0,0.0,0.0,0.0,0.0,0.0,0.0,0.0,0.0,0.0,0.0,0,0,0.0,0,0.0,4.0,27.0,27.0,27.0,6.75,-5.75,1.0,1.0,0.0,0.1481481481481481,1.0,0.0,0.0,0.0,0.0,normal
26.936941,UDP,Unknown,S0,362.0,3195.0,0,0,0,0.0,0,0.0,0.0,0.0,0.0,0.0,0.0,0.0,0.0,0.0,0.0,0,0,0.0,0,0.0,4.0,27.0,27.0,27.0,6.75,-5.75,1.0,1.0,0.0,0.1481481481481481,1.0,0.0,0.0,0.0,0.0,normal
26.936941,UDP,Unknown,S0,362.0,3195.0,0,0,0,0.0,0,0.0,0.0,0.0,0.0,0.0,0.0,0.0,0.0,0.0,0.0,0,0,0.0,0,0.0,4.0,27.0,27.0,27.0,6.75,-5.75,1.0,1.0,0.0,0.1481481481481481,1.0,0.0,0.0,0.0,0.0,normal
58.086305,UDP,Unknown,S0,27142.0,7752.0,0,1,0,0.0,0,0.0,0.0,0.0,0.0,0.0,0.0,0.0,0.0,0.0,0.0,0,0,0.0,0,0.0,6.0,6.0,6.0,6.0,1.0,0.0,1.0,1.0,0.0,1.0,1.0,0.0,0.0,0.0,0.0,normal
58.086305,UDP,Unknown,S0,27142.0,7752.0,0,1,0,0.0,0,0.0,0.0,0.0,0.0,0.0,0.0,0.0,0.0,0.0,0.0,0,0,0.0,0,0.0,6.0,6.0,6.0,6.0,1.0,0.0,1.0,1.0,0.0,1.0,1.0,0.0,0.0,0.0,0.0,normal
58.086305,UDP,Unknown,S0,27142.0,7752.0,0,1,0,0.0,0,0.0,0.0,0.0,0.0,0.0,0.0,0.0,0.0,0.0,0.0,0,0,0.0,0,0.0,6.0,6.0,6.0,6.0,1.0,0.0,1.0,1.0,0.0,1.0,1.0,0.0,0.0,0.0,0.0,normal
50.791822,UDP,Unknown,S0,4208.0,8018.0,0,0,0,0.0,0,0.0,0.0,0.0,0.0,0.0,0.0,0.0,0.0,0.0,0.0,0,0,0.0,0,0.0,12.0,29.0,29.0,29.0,2.4166666666666665,-1.4166666666666663,1.0,1.0,0.0,0.4137931034482758,1.0,0.0,0.0,0.0,0.0,normal
50.792038000000005,UDP,Unknown,S0,1710.0,8018.0,0,1,0,0.0,0,0.0,0.0,0.0,0.0,0.0,0.0,0.0,0.0,0.0,0.0,0,0,0.0,0,0.0,5.0,29.0,29.0,29.0,5.8,-4.8,1.0,1.0,0.0,0.1724137931034483,1.0,0.0,0.0,0.0,0.0,normal
40.042784,UDP,Unknown,S0,329.0,3195.0,0,0,0,0.0,0,0.0,0.0,0.0,0.0,0.0,0.0,0.0,0.0,0.0,0.0,0,0,0.0,0,0.0,2.0,27.0,27.0,27.0,13.5,-12.5,1.0,1.0,0.0,0.074074074074074,1.0,0.0,0.0,0.0,0.0,normal
58.086305,UDP,Unknown,S0,27142.0,7752.0,0,1,0,0.0,0,0.0,0.0,0.0,0.0,0.0,0.0,0.0,0.0,0.0,0.0,0,0,0.0,0,0.0,6.0,6.0,6.0,6.0,1.0,0.0,1.0,1.0,0.0,1.0,1.0,0.0,0.0,0.0,0.0,normal
0.0,UDP,Unknown,S0,82.0,3195.0,0,1,0,0.0,0,0.0,0.0,0.0,0.0,0.0,0.0,0.0,0.0,0.0,0.0,0,0,0.0,0,0.0,1.0,27.0,27.0,27.0,27.0,-26.0,1.0,1.0,0.0,0.037037037037037,1.0,0.0,0.0,0.0,0.0,normal
50.791822,UDP,Unknown,S0,4208.0,8018.0,0,0,0,0.0,0,0.0,0.0,0.0,0.0,0.0,0.0,0.0,0.0,0.0,0.0,0,0,0.0,0,0.0,12.0,29.0,29.0,29.0,2.4166666666666665,-1.4166666666666663,1.0,1.0,0.0,0.4137931034482758,1.0,0.0,0.0,0.0,0.0,normal
50.792038000000005,UDP,Unknown,S0,1710.0,8018.0,0,1,0,0.0,0,0.0,0.0,0.0,0.0,0.0,0.0,0.0,0.0,0.0,0.0,0,0,0.0,0,0.0,5.0,29.0,29.0,29.0,5.8,-4.8,1.0,1.0,0.0,0.1724137931034483,1.0,0.0,0.0,0.0,0.0,normal
58.086305,UDP,Unknown,S0,27142.0,7752.0,0,1,0,0.0,0,0.0,0.0,0.0,0.0,0.0,0.0,0.0,0.0,0.0,0.0,0,0,0.0,0,0.0,6.0,6.0,6.0,6.0,1.0,0.0,1.0,1.0,0.0,1.0,1.0,0.0,0.0,0.0,0.0,normal
